CODIGO_UNIDADE;NOME_UNIDADE;DT_AUTORIZA_FUNCIONA_UNID;NOME_REGIAO_UNIDADE;SIGLA_UF_UNIDADE;NOME_MUNICIPIO_UNIDADE;NOME_MESORREGIAO_UNIDADE;NOME_MICRORREGIAO_UNIDADE
2879;INSTITUTO FEDERAL DA BAHIA - CAMPUS EUNaPOLIS;07/01/2009;Nordeste;BA;Eunapolis;Sul Baiano;Porto Seguro
2948;INSTITUTO FEDERAL BAIANO - CAMPUS ITAPETINGA;07/01/2009;Nordeste;BA;Itapetinga;Centro Sul Baiano;Itapetinga
14328;INSTITUTO FEDERAL DO ACRE - CAMPUS SENA MADUREIRA;30/12/2008;Norte;AC;Sena Madureira;Vale do Acre;Sena Madureira
14547;INSTITUTO FEDERAL DE ALAGOAS - CAMPUS ARAPIRACA;06/07/2010;Nordeste;AL;Arapiraca;Agreste Alagoano;Arapiraca
32010;INSTITUTO FEDERAL DE ALAGOAS - CAMPUS CORURIPE;22/01/2014;Nordeste;AL;Coruripe;Leste Alagoano;Sao Miguel dos Campos
3820;UNIVERSIDADE FEDERAL DE ALAGOAS - ESCOLA TeCNICA DE ARTES;06/11/2006;Nordeste;AL;Maceio;Leste Alagoano;Maceio
14550;INSTITUTO FEDERAL DE ALAGOAS - CAMPUS PIRANHAS;06/07/2010;Nordeste;AL;Piranhas;Sertao Alagoano;Alagoana do Sertao do Sao Francisco
31961;INSTITUTO FEDERAL DE GOIaS - CAMPUS VALPARAiSO DE GOIaS;27/01/2014;Centro-Oeste;GO;Valparaiso de Goias;Leste Goiano;Entorno de Brasilia
42117;INSTITUTO FEDERAL DO MARANHaO CAMPUS AVANcADO CAROLINA;30/12/2013;Nordeste;MA;Carolina;Sul Maranhense;Porto Franco
42176;INSTITUTO FEDERAL DO MARANHaO CAMPUS SaO JOSe DE RIBAMAR;30/12/2013;Nordeste;MA;Sao Jose de Ribamar;Norte Maranhense;Aglomeracao Urbana de Sao Luis
12973;UNIVERSIDADE FEDERAL DO MARANHaO - COLeGIO UNIVERSITaRIO;20/05/1968;Nordeste;MA;Sao Luis;Norte Maranhense;Aglomeracao Urbana de Sao Luis
2909;INSTITUTO FEDERAL DO MARANHaO - CAMPUS SaO LUiS CENTRO HISToRICO;07/01/2009;Nordeste;MA;Sao Luis;Norte Maranhense;Aglomeracao Urbana de Sao Luis
2859;INSTITUTO FEDERAL DA BAHIA - CAMPUS SALVADOR;07/01/2009;Nordeste;BA;Salvador;Metropolitana de Salvador;Salvador
20102;INSTITUTO FEDERAL DA BAHIA - CAMPUS SEABRA;29/12/2009;Nordeste;BA;Seabra;Centro Sul Baiano;Seabra
14225;INSTITUTO FEDERAL DO CEARa - CAMPUS CRATEuS;30/03/2010;Nordeste;CE;Crateus;Sertoes Cearenses;Sertao de Crateus
42044;INSTITUTO FEDERAL DO CEARa CAMPUS AVANcADO JAGUARUANA;31/12/2013;Nordeste;CE;Jaguaruana;Jaguaribe;Baixo Jaguaribe
3575;INSTITUTO FEDERAL DO CEARa - CAMPUS LIMOEIRO DO NORTE;29/12/2008;Nordeste;CE;Limoeiro do Norte;Jaguaribe;Baixo Jaguaribe
2895;INSTITUTO FEDERAL DO ESPiRITO SANTO - CAMPUS ITAPINA;07/01/2009;Sudeste;ES;Colatina;Noroeste Espirito-santense;Colatina
20571;INSTITUTO FEDERAL DO ESPiRITO SANTO - CAMPUS CENTRO SERRANO;30/12/2008;Sudeste;ES;Santa Maria de Jetiba;Central Espirito-santense;Santa Teresa
20427;INSTITUTO FEDERAL DE GOIaS CAMPUS aGUAS LINDAS DE GOIaS;28/12/2008;Centro-Oeste;GO;aguas Lindas de Goias;Leste Goiano;Entorno de Brasilia
20430;INSTITUTO FEDERAL DE GOIaS - CAMPUS APARECIDA DE GOIaNIA;28/12/2008;Centro-Oeste;GO;Aparecida de Goiania;Centro Goiano;Goiania
20417;INSTITUTO FEDERAL DE GOIaS - CAMPUS CIDADE DE GOIaS;29/12/2008;Centro-Oeste;GO;Goias;Noroeste Goiano;Rio Vermelho
2958;INSTITUTO FEDERAL DO SUDESTE DE MINAS GERAIS - CAMPUS JUIZ DE FORA;07/01/2009;Sudeste;MG;Juiz de Fora;Zona da Mata;Juiz de Fora
3063;CENTRO FEDERAL DE EDUCAcaO TECNOLoGICA DE MINAS GERAIS - UNED LEOPOLDINA;07/01/2009;Sudeste;MG;Leopoldina;Zona da Mata;Cataguases
20432;INSTITUTO FEDERAL DE MINAS GERAIS - CAMPUS OURO BRANCO;29/12/2008;Sudeste;MG;Ouro Branco;Metropolitana de Belo Horizonte;Conselheiro Lafaiete
14020;INSTITUTO FEDERAL DO SUL DE MINAS GERAIS - CAMPUS POcOS DE CALDAS;30/12/2008;Sudeste;MG;Pocos de Caldas;Sul/Sudoeste de Minas;Pocos de Caldas
14021;INSTITUTO FEDERAL DO SUL DE MINAS GERAIS - CAMPUS POUSO ALEGRE;30/12/2008;Sudeste;MG;Pouso Alegre;Sul/Sudoeste de Minas;Pouso Alegre
12977;UNIVERSIDADE FEDERAL DE MINAS GERAIS - COLEGIO TeCNICO DA UFMG;09/12/1971;Sudeste;MG;Belo Horizonte;Metropolitana de Belo Horizonte;Belo Horizonte
13395;INSTITUTO FEDERAL DO PARa - CAMPUS SANTAReM;29/12/2008;Norte;PA;Santarem;Baixo Amazonas;Santarem
32034;INSTITUTO FEDERAL DA PARAiBA CAMPUS AVANcADO AREIA;31/01/2014;Nordeste;PB;Areia;Agreste Paraibano;Brejo Paraibano
32310;INSTITUTO FEDERAL DA PARAiBA CAMPUS AVANcADO CABEDELO CENTRO;22/01/2014;Nordeste;PB;Cabedelo;Mata Paraibana;Joao Pessoa
3584;INSTITUTO FEDERAL DA PARAiBA - CAMPUS PATOS;07/01/2009;Nordeste;PB;Patos;Sertao Paraibano;Patos
13463;INSTITUTO FEDERAL DO SUDESTE DE MINAS GERAIS - CAMPUS SaO JOaO DEL REI;07/01/2009;Sudeste;MG;Sao Joao del Rei;Campo das Vertentes;Sao Joao Del Rei
32023;INSTITUTO FEDERAL DO SUL DE MINAS GERAIS - CAMPUS AVANcADO TReS CORAcoES;22/01/2014;Sudeste;MG;Tres Coracoes;Sul/Sudoeste de Minas;Varginha
12485;INSTITUTO FEDERAL DO MATO GROSSO DO SUL - CAMPUS CAMPO GRANDE;30/12/2008;Centro-Oeste;MS;Campo Grande;Centro Norte de Mato Grosso do Sul;Campo Grande
13893;INSTITUTO FEDERAL DO MATO GROSSO DO SUL - CAMPUS COXIM;08/07/2010;Centro-Oeste;MS;Coxim;Centro Norte de Mato Grosso do Sul;Alto Taquari
42563;INSTITUTO FEDERAL DO MATO GROSSO DO SUL CAMPUS JARDIM;30/12/2008;Centro-Oeste;MS;Jardim;Sudoeste de Mato Grosso do Sul;Bodoquena
20246;INSTITUTO FEDERAL DE MATO GROSSO - CAMPUS BARRA DO GARcAS;07/01/2009;Centro-Oeste;MT;Barra do Garcas;Nordeste Mato-grossense;Medio Araguaia
12979;UNIVERSIDADE FEDERAL DO PARa - ESCOLA DE TEATRO E DANcA DA UFPA;28/12/1962;Norte;PA;Belem;Metropolitana de Belem;Belem
2917;INSTITUTO FEDERAL DO PARa - CAMPUS MARABa RURAL;07/01/2009;Norte;PA;Maraba;Sudeste Paraense;Maraba
3288;UNIVERSIDADE TECNOLoGICA FEDERAL DO PARANa - CAMPUS CORNeLIO PROCoPIO;10/10/2005;Sul;PR;Cornelio Procopio;Norte Pioneiro Paranaense;Cornelio Procopio
23463;INSTITUTO FEDERAL DO PARANa CAMPUS JAGUARIAiVA;18/06/2012;Sul;PR;Jaguariaiva;Centro Oriental Paranaense;Jaguariaiva
3257;INSTITUTO FEDERAL DO PARANa - CAMPUS PARANAGUa;06/01/2009;Sul;PR;Paranagua;Metropolitana de Curitiba;Paranagua
13804;INSTITUTO FEDERAL DO PARANa - CAMPUS PARANAVAi;07/01/2009;Sul;PR;Paranavai;Noroeste Paranaense;Paranavai
2862;INSTITUTO FEDERAL DE PERNAMBUCO - CAMPUS IPOJUCA;07/01/2009;Nordeste;PE;Ipojuca;Metropolitana de Recife;Suape
32362;INSTITUTO FEDERAL DE PERNAMBUCO - CAMPUS PALMARES;22/01/2014;Nordeste;PE;Palmares;Mata Pernambucana;Mata Meridional Pernambucana
12980;COLeGIO TeCNICO DE BOM JESUS;11/09/1981;Nordeste;PI;Bom Jesus;Sudoeste Piauiense;Alto Medio Gurgueia
13304;INSTITUTO FEDERAL DO PIAUi - CAMPUS URUcUi;07/01/2009;Nordeste;PI;Urucui;Sudoeste Piauiense;Alto Parnaiba Piauiense
13681;INSTITUTO FEDERAL DO RIO GRANDE DO SUL - CAMPUS ERECHIM;30/12/2008;Sul;RS;Erechim;Noroeste Rio-grandense;Erechim
43190; INSTITUTO FEDERAL DE EDUCAcaO, CIeNCIA E TECNOLOGIA FARROUPILHA - CaMPUS FREDERICO WESTPHALEN;31/12/2014;Sul;RS;Frederico Westphalen;Noroeste Rio-grandense;Frederico Westphalen
14054;INSTITUTO FEDERAL DO RIO GRANDE DO SUL - CAMPUS OSoRIO;29/12/2008;Sul;RS;Osorio;Metropolitana de Porto Alegre;Osorio
2931;INSTITUTO FEDERAL SUL-RIO-GRANDENSE - CAMPUS PASSO FUNDO;07/01/2009;Sul;RS;Passo Fundo;Noroeste Rio-grandense;Passo Fundo
13479;INSTITUTO FEDERAL FARROUPILHA - CAMPUS SaO BORJA;07/01/2009;Sul;RS;Sao Borja;Sudoeste Rio-grandense;Campanha Ocidental
32052;INSTITUTO FEDERAL FLUMINENSE - CAMPUS AVANcADO CAMBUCI;25/04/2013;Sudeste;RJ;Cambuci;Noroeste Fluminense;Santo Antonio de Padua
3124;INSTITUTO FEDERAL DO RIO DE JANEIRO - CAMPUS DUQUE DE CAXIAS;29/12/2008;Sudeste;RJ;Duque de Caxias;Metropolitana do Rio de Janeiro;Rio de Janeiro
1705;COLeGIO PEDRO II - CAMPUS TIJUCA II;17/11/2008;Sudeste;RJ;Rio de Janeiro;Metropolitana do Rio de Janeiro;Rio de Janeiro
32053;INSTITUTO FEDERAL FLUMINENSE - CAMPUS AVANcADO SaO JOaO DA BARRA;25/04/2013;Sudeste;RJ;Sao Joao da Barra;Norte Fluminense;Campos dos Goytacazes
31313;INSTITUTO FEDERAL DO RIO GRANDE DO NORTE - CAMPUS CEARa-MIRIM;08/10/2013;Nordeste;RN;Ceara-Mirim;Leste Potiguar;Macaiba
2925;INSTITUTO FEDERAL DE RONDoNIA - CAMPUS PORTO VELHO CALAMA;07/01/2009;Norte;RO;Porto Velho;Madeira-Guapore;Porto Velho
13828;INSTITUTO FEDERAL SUL-RIO-GRANDENSE - CAMPUS CAMAQUa;07/01/2009;Sul;RS;Camaqua;Metropolitana de Porto Alegre;Camaqua
32013;INSTITUTO FEDERAL DE SERGIPE CAMPUS PROPRIa;22/01/2014;Nordeste;SE;Propria;Leste Sergipano;Propria
2816;INSTITUTO FEDERAL DE SaO PAULO - CAMPUS CUBATaO;29/12/2008;Sudeste;SP;Cubatao;Metropolitana de Sao Paulo;Santos
14356;INSTITUTO FEDERAL DE SaO PAULO - CAMPUS HORTOLaNDIA;03/12/2010;Sudeste;SP;Hortolandia;Campinas;Campinas
14260;INSTITUTO FEDERAL DE SANTA CATARINA - CAMPUS CAcADOR;07/01/2009;Sul;SC;Cacador;Oeste Catarinense;Joacaba
2829;INSTITUTO FEDERAL DE SANTA CATARINA - CAMPUS CHAPECo;07/01/2009;Sul;SC;Chapeco;Oeste Catarinense;Chapeco
14252;INSTITUTO FEDERAL DE SANTA CATARINA - CAMPUS ITAJAi;07/01/2009;Sul;SC;Itajai;Vale do Itajai;Itajai
2825;INSTITUTO FEDERAL DE SANTA CATARINA - CAMPUS SaO JOSe;07/01/2009;Sul;SC;Sao Jose;Grande Florianopolis;Florianopolis
14157;INSTITUTO FEDERAL DE SaO PAULO CAMPUS MATaO;23/04/2013;Sudeste;SP;Matao;Araraquara;Araraquara
3029;INSTITUTO FEDERAL DE SaO PAULO - CAMPUS SaO CARLOS;07/01/2009;Sudeste;SP;Sao Carlos;Araraquara;Sao Carlos
2819;INSTITUTO FEDERAL DE SaO PAULO - CAMPUS SaO JOaO DA BOA VISTA;30/12/2008;Sudeste;SP;Sao Joao da Boa Vista;Campinas;Sao Joao da Boa Vista
2815;INSTITUTO FEDERAL DE SaO PAULO - CAMPUS SaO PAULO;30/12/2008;Sudeste;SP;Sao Paulo;Metropolitana de Sao Paulo;Sao Paulo
2850;INSTITUTO FEDERAL DE SaO PAULO - CAMPUS SaO ROQUE;30/12/2008;Sudeste;SP;Sao Roque;Macro Metropolitana Paulista;Sorocaba
32024;INSTITUTO FEDERAL DO TOCANTINS - CAMPUS AVANcADO LAGOA DA CONFUSaO;22/01/2014;Norte;TO;Lagoa da Confusao;Ocidental do Tocantins;Rio Formoso
32002;INSTITUTO FEDERAL DE ALAGOAS - CAMPUS VIcOSA;22/01/2014;Nordeste;AL;Vicosa;Leste Alagoano;Serrana dos Quilombos
32456;INSTITUTO FEDERAL DO AMAZONAS - CAMPUS EIRUNEPe;22/01/2014;Norte;AM;Eirunepe;Sudoeste Amazonense;Jurua
14183;INSTITUTO FEDERAL DO AMAPa - CAMPUS MACAPa;06/12/2010;Norte;AP;Macapa;Sul do Amapa;Macapa
2882;INSTITUTO FEDERAL DA BAHIA - CAMPUS CAMAcARI;07/01/2009;Nordeste;BA;Camacari;Metropolitana de Salvador;Salvador
32035;INSTITUTO FEDERAL DA BAHIA CAMPUS EUCLIDES DA CUNHA;29/12/2008;Nordeste;BA;Euclides da Cunha;Nordeste Baiano;Euclides da Cunha
20103;INSTITUTO FEDERAL DA BAHIA - CAMPUS FEIRA DE SANTANA;29/12/2009;Nordeste;BA;Feira de Santana;Centro Norte Baiano;Feira de Santana
20100;INSTITUTO FEDERAL DA BAHIA - CAMPUS ILHeUS;29/12/2009;Nordeste;BA;Ilheus;Sul Baiano;Ilheus-Itabuna
20098;INSTITUTO FEDERAL DA BAHIA - CAMPUS IRECe;29/12/2009;Nordeste;BA;Irece;Centro Norte Baiano;Irece
20409;INSTITUTO FEDERAL DO ACRE - CAMPUS XAPURI;29/12/2008;Norte;AC;Xapuri;Vale do Acre;Brasileia
2854;INSTITUTO FEDERAL DE ALAGOAS - CAMPUS MACEIo;07/01/2009;Nordeste;AL;Maceio;Leste Alagoano;Maceio
14549;INSTITUTO FEDERAL DE ALAGOAS - CAMPUS MARAGOGI;06/07/2010;Nordeste;AL;Maragogi;Leste Alagoano;Litoral Norte Alagoano
2955;INSTITUTO FEDERAL GOIANO - CAMPUS MORRINHOS;07/01/2009;Centro-Oeste;GO;Morrinhos;Sul Goiano;Meia Ponte
23516;INSTITUTO FEDERAL DO MARANHaO - CAMPUS COELHO NETO;30/12/2008;Nordeste;MA;Coelho Neto;Leste Maranhense;Coelho Neto
32040;INSTITUTO FEDERAL DA BAHIA CAMPUS SANTO ANToNIO DE JESUS;29/12/2008;Nordeste;BA;Santo Antonio de Jesus;Metropolitana de Salvador;Santo Antonio de Jesus
44279;INSTITUTO FEDERAL BAIANO CAMPUS XIQUE-XIQUE;10/05/2016;Nordeste;BA;Xique-Xique;Vale Sao-Franciscano da Bahia;Barra
44156;INSTITUTO FEDERAL DO CEARa - CAMPUS AVANcADO PECeM;30/12/2008;Nordeste;CE;Caucaia;Metropolitana de Fortaleza;Fortaleza
2984;INSTITUTO FEDERAL DO CEARa - CAMPUS FORTALEZA;07/01/2009;Nordeste;CE;Fortaleza;Metropolitana de Fortaleza;Fortaleza
3007;INSTITUTO FEDERAL DO CEARa - CAMPUS QUIXADa;07/01/2009;Nordeste;CE;Quixada;Sertoes Cearenses;Sertao de Quixeramobim
3571;INSTITUTO FEDERAL DO CEARa - CAMPUS SOBRAL;29/12/2008;Nordeste;CE;Sobral;Noroeste Cearense;Sobral
21892;INSTITUTO FEDERAL DE BRASILIA CAMPUS CEILaNDIA;28/05/2012;Centro-Oeste;DF;Brasilia;Distrito Federal;Brasilia
22588;INSTITUTO FEDERAL DO ESPiRITO SANTO - CAMPUS BARRA DE SaO FRANCISCO;30/12/2008;Sudeste;ES;Barra de Sao Francisco;Noroeste Espirito-santense;Barra de Sao Francisco
2884;INSTITUTO FEDERAL DO ESPiRITO SANTO - CAMPUS VIToRIA;07/01/2009;Sudeste;ES;Vitoria;Central Espirito-santense;Vitoria
42123;INSTITUTO FEDERAL DE MINAS GERAIS - CAMPUS AVANcADO PONTE NOVA;30/12/2013;Sudeste;MG;Ponte Nova;Zona da Mata;Ponte Nova
2913;INSTITUTO FEDERAL DO NORTE DE MINAS GERAIS - CAMPUS SALINAS;07/01/2009;Sudeste;MG;Salinas;Norte de Minas;Salinas
42070;INSTITUTO FEDERAL DO MARANHaO CAMPUS VIANA;30/12/2013;Nordeste;MA;Viana;Norte Maranhense;Baixada Maranhense
14170;INSTITUTO FEDERAL DO NORTE DE MINAS GERAIS - CAMPUS ALMENARA;07/01/2009;Sudeste;MG;Almenara;Jequitinhonha;Almenara
3043;CENTRO FEDERAL DE EDUCAcaO TECNOLoGICA DE MINAS GERAIS - UNED ARAXa;07/01/2009;Sudeste;MG;Araxa;Triangulo Mineiro/Alto Paranaiba;Araxa
2997;INSTITUTO FEDERAL DO SUL DE MINAS GERAIS - CAMPUS INCONFIDENTES;07/01/2009;Sudeste;MG;Inconfidentes;Sul/Sudoeste de Minas;Pocos de Caldas
2808;INSTITUTO FEDERAL DA PARAiBA - CAMPUS CAJAZEIRAS;07/01/2009;Nordeste;PB;Cajazeiras;Sertao Paraibano;Cajazeiras
32030;INSTITUTO FEDERAL DA PARAiBA CAMPUS ITABAIANA;20/01/2014;Nordeste;PB;Itabaiana;Agreste Paraibano;Itabaiana
2960;INSTITUTO FEDERAL DO TRIaNGULO MINEIRO - CAMPUS UBERABA;07/01/2009;Sudeste;MG;Uberaba;Triangulo Mineiro/Alto Paranaiba;Uberaba
2963;INSTITUTO FEDERAL DO TRIaNGULO MINEIRO - CAMPUS UBERLaNDIA;07/01/2009;Sudeste;MG;Uberlandia;Triangulo Mineiro/Alto Paranaiba;Uberlandia
2968;INSTITUTO FEDERAL DE MATO GROSSO - CAMPUS CaCERES;07/01/2009;Centro-Oeste;MT;Caceres;Centro-Sul Mato-grossense;Alto Pantanal
2966;INSTITUTO FEDERAL DE MATO GROSSO - CAMPUS CUIABa;07/01/2009;Centro-Oeste;MT;Cuiaba;Centro-Sul Mato-grossense;Cuiaba
31983;INSTITUTO FEDERAL DE MATO GROSSO - CAMPUS AVANcADO TANGARa DA SERRA;22/01/2014;Centro-Oeste;MT;Tangara da Serra;Sudoeste Mato-grossense;Tangara da Serra
12978;UNIVERSIDADE FEDERAL DO PARa - ESCOLA DE MuSICA DA UFPA;04/01/1991;Norte;PA;Belem;Metropolitana de Belem;Belem
32358;INSTITUTO FEDERAL DO PARa CAMPUS CAMETa;22/01/2014;Norte;PA;Cameta;Nordeste Paraense;Cameta
2915;INSTITUTO FEDERAL DO PARa - CAMPUS CASTANHAL;07/01/2009;Norte;PA;Castanhal;Metropolitana de Belem;Castanhal
3522;INSTITUTO FEDERAL DO PARa - CAMPUS CONCEIcaO DO ARAGUAIA;29/12/2008;Norte;PA;Conceicao do Araguaia;Sudeste Paraense;Conceicao do Araguaia
13396;INSTITUTO FEDERAL DO PARa - CAMPUS ITAITUBA;29/12/2008;Norte;PA;Itaituba;Sudoeste Paraense;Itaituba
32357;INSTITUTO FEDERAL DO PARa CAMPUS PARAGOMINAS;22/01/2014;Norte;PA;Paragominas;Sudeste Paraense;Paragominas
13860;UNIVERSIDADE FEDERAL DO PARANa SETOR DE EDUCAcaO PROFISSIONAL E TECNoLOGICA;28/08/2009;Sul;PR;Curitiba;Metropolitana de Curitiba;Curitiba
32003;INSTITUTO FEDERAL DO PARANa CAMPUS AVANcADO GUAiRA;18/06/2012;Sul;PR;Guaira;Oeste Paranaense;Toledo
14104;INSTITUTO FEDERAL DE PERNAMBUCO - CAMPUS GARANHUNS;07/01/2009;Nordeste;PE;Garanhuns;Agreste Pernambucano;Garanhuns
14184;INSTITUTO FEDERAL DO SERTaO PERNAMBUCANO - CAMPUS OURICURI;21/09/2010;Nordeste;PE;Ouricuri;Sertao Pernambucano;Araripina
32365;INSTITUTO FEDERAL DE PERNAMBUCO - CAMPUS PAULISTA;22/01/2014;Nordeste;PE;Paulista;Metropolitana de Recife;Recife
12974;UNIVERSIDADE FEDERAL DO RURAL DE PERNAMBUCO - COLeGIO AGRiCOLA DOM AGOSTINHO IKAS DA UFRPE;04/09/1975;Nordeste;PE;Sao Lourenco da Mata;Metropolitana de Recife;Recife
3744;COLeGIO TeCNICO DE FLORIANO;03/01/1979;Nordeste;PI;Floriano;Sudoeste Piauiense;Floriano
31990;INSTITUTO FEDERAL DO PIAUi - CAMPUS VALENcA DO PIAUi;22/01/2014;Nordeste;PI;Valenca do Piaui;Centro-Norte Piauiense;Valenca do Piaui
13781;INSTITUTO FEDERAL DO PARANa - CAMPUS ASSIS CHATEAUBRIAND;28/12/2008;Sul;PR;Assis Chateaubriand;Oeste Paranaense;Toledo
2933;INSTITUTO FEDERAL FARROUPILHA - CAMPUS JuLIO DE CASTILHOS;07/01/2009;Sul;RS;Julio de Castilhos;Centro Ocidental Rio-grandense;Santiago
2939;INSTITUTO FEDERAL DO RIO GRANDE DO SUL - CAMPUS PORTO ALEGRE;07/01/2009;Sul;RS;Porto Alegre;Metropolitana de Porto Alegre;Porto Alegre
2940;INSTITUTO FEDERAL DO RIO GRANDE DO SUL - CAMPUS RIO GRANDE;07/01/2009;Sul;RS;Rio Grande;Sudeste Rio-grandense;Litoral Lagunar
20452;CENTRO FEDERAL DE EDUCAcaO TECNOLoGICA CELSO SUCKOW DA FONSECA - UNED ANGRA DOS REIS;28/12/2008;Sudeste;RJ;Angra dos Reis;Sul Fluminense;Baia da Ilha Grande
20449;CENTRO FEDERAL DE EDUCAcaO TECNOLoGICA CELSO SUCKOW DA FONSECA - UNED ITAGUAi;29/12/2008;Sudeste;RJ;Itaguai;Metropolitana do Rio de Janeiro;Itaguai
32046;INSTITUTO FEDERAL DO RIO DE JANEIRO CAMPUS MESQUITA;30/12/2008;Sudeste;RJ;Mesquita;Metropolitana do Rio de Janeiro;Rio de Janeiro
2937;INSTITUTO FEDERAL DO RIO DE JANEIRO - CAMPUS NILoPOLIS;07/01/2009;Sudeste;RJ;Nilopolis;Metropolitana do Rio de Janeiro;Rio de Janeiro
1703;COLeGIO PEDRO II - CAMPUS REALENGO II;17/11/2008;Sudeste;RJ;Rio de Janeiro;Metropolitana do Rio de Janeiro;Rio de Janeiro
3037;CENTRO FEDERAL DE EDUCAcaO TECNOLoGICA CELSO SUCKOW DA FONSECA - UNIDADE MARACANa;07/01/2009;Sudeste;RJ;Rio de Janeiro;Metropolitana do Rio de Janeiro;Rio de Janeiro
13012;INSTITUTO FEDERAL DO RIO GRANDE DO NORTE - CAMPUS CAICo;28/07/2009;Nordeste;RN;Caico;Central Potiguar;Serido Ocidental
31311;INSTITUTO FEDERAL DO RIO GRANDE DO NORTE - CAMPUS CANGUARETAMA;08/10/2013;Nordeste;RN;Canguaretama;Leste Potiguar;Litoral Sul
3215;UNIVERSIDADE FEDERAL DO RIO GRANDE DO NORTE - ESCOLA DE MuSICA DA UFRN;04/10/1962;Nordeste;RN;Natal;Leste Potiguar;Natal
13017;INSTITUTO FEDERAL DO RIO GRANDE DO NORTE - CAMPUS PAU DOS FERROS;08/09/2009;Nordeste;RN;Pau dos Ferros;Oeste Potiguar;Pau dos Ferros
20419;INSTITUTO FEDERAL DO RIO GRANDE DO NORTE - CAMPUS SaO GONcALO DO AMARANTE;29/12/2008;Nordeste;RN;Sao Goncalo do Amarante;Leste Potiguar;Macaiba
12982;FUNDAcaO UNIVERSIDADE FEDERAL DE RORAIMA - ESCOLA AGROTeCNICA;27/03/2008;Norte;RR;Boa Vista;Norte de Roraima;Boa Vista
2811;INSTITUTO FEDERAL DE RORAIMA - CAMPUS BOA VISTA;29/12/2008;Norte;RR;Boa Vista;Norte de Roraima;Boa Vista
42733;INSTITUTO FEDERAL DE SaO PAULO CAMPUS AVANcADO ILHA SOLTEIRA;01/03/2014;Sudeste;SP;Ilha Solteira;Aracatuba;Andradina
2941;INSTITUTO FEDERAL DO RIO GRANDE DO SUL - CAMPUS SERTaO;07/01/2009;Sul;RS;Sertao;Noroeste Rio-grandense;Passo Fundo
20443;INSTITUTO FEDERAL SUL-RIO-GRANDENSE - CAMPUS VENaNCIO AIRES;13/05/2011;Sul;RS;Venancio Aires;Centro Oriental Rio-grandense;Santa Cruz do Sul
14257;INSTITUTO FEDERAL DE SANTA CATARINA - CAMPUS LAGES;07/01/2009;Sul;SC;Lages;Serrana;Campos de Lages
32382;INSTITUTO FEDERAL DE SANTA CATARINA CAMPUS AVANcADO SaO LOURENcO DO OESTE;30/12/2008;Sul;SC;Sao Lourenco do Oeste;Oeste Catarinense;Chapeco
14255;INSTITUTO FEDERAL DE SANTA CATARINA - CAMPUS SaO MIGUEL DO OESTE;07/01/2009;Sul;SC;Sao Miguel do Oeste;Oeste Catarinense;Sao Miguel do Oeste
31330;INSTITUTO FEDERAL DE SANTA CATARINA CAMPUS TUBARaO;08/10/2013;Sul;SC;Tubarao;Sul Catarinense;Tubarao
3445;INSTITUTO FEDERAL DE SERGIPE - CAMPUS LAGARTO;07/01/2009;Nordeste;SE;Lagarto;Agreste Sergipano;Agreste de Lagarto
2817;INSTITUTO FEDERAL DE SaO PAULO - CAMPUS SERTaOZINHO;30/12/2008;Sudeste;SP;Sertaozinho;Ribeirao Preto;Ribeirao Preto
13819;INSTITUTO FEDERAL DO TOCANTINS - CAMPUS ARAGUAiNA;11/09/2009;Norte;TO;Araguaina;Ocidental do Tocantins;Araguaina
32025;INSTITUTO FEDERAL DO TOCANTINS - CAMPUS AVANcADO PEDRO AFONSO;22/01/2014;Norte;TO;Pedro Afonso;Oriental do Tocantins;Porto Nacional
32016;INSTITUTO FEDERAL DE ALAGOAS - CAMPUS RIO LARGO;22/01/2014;Nordeste;AL;Rio Largo;Leste Alagoano;Maceio
32063;INSTITUTO FEDERAL DO AMAZONAS - CAMPUS HUMAITa;07/10/2013;Norte;AM;Humaita;Sul Amazonense;Madeira
13779;INSTITUTO FEDERAL DO AMAZONAS - CAMPUS LaBREA;29/12/2008;Norte;AM;Labrea;Sul Amazonense;Purus
13795;INSTITUTO FEDERAL DO AMAZONAS - CAMPUS PRESIDENTE FIGUEIREDO;07/01/2009;Norte;AM;Presidente Figueiredo;Centro Amazonense;Rio Preto da Eva
13623;INSTITUTO FEDERAL BAIANO - CAMPUS BOM JESUS DA LAPA;07/01/2009;Nordeste;BA;Bom Jesus da Lapa;Vale Sao-Franciscano da Bahia;Bom Jesus da Lapa
32087;INSTITUTO FEDERAL DA BAHIA - CAMPUS BRUMADO;08/10/2013;Nordeste;BA;Brumado;Centro Sul Baiano;Brumado
20099;INSTITUTO FEDERAL DA BAHIA - CAMPUS PAULO AFONSO;29/12/2009;Nordeste;BA;Paulo Afonso;Vale Sao-Franciscano da Bahia;Paulo Afonso
31976;INSTITUTO FEDERAL DO ACRE - CAMPUS AVANcADO RIO BRANCO BAIXADA DO SOL;05/04/2012;Norte;AC;Rio Branco;Vale do Acre;Rio Branco
2870;INSTITUTO FEDERAL DE ALAGOAS - CAMPUS MARECHAL DEODORO;07/01/2009;Nordeste;AL;Marechal Deodoro;Leste Alagoano;Maceio
2864;INSTITUTO FEDERAL DE ALAGOAS - CAMPUS PALMEIRA DOS iNDIOS;07/01/2009;Nordeste;AL;Palmeira dos indios;Agreste Alagoano;Palmeira dos indios
2956;INSTITUTO FEDERAL GOIANO - CAMPUS URUTAi;07/01/2009;Centro-Oeste;GO;Urutai;Sul Goiano;Pires do Rio
20183;INSTITUTO FEDERAL DO MARANHaO - CAMPUS BACABAL;30/12/2008;Nordeste;MA;Bacabal;Centro Maranhense;Medio Mearim
20092;INSTITUTO FEDERAL DO MARANHaO - CAMPUS BARREIRINHAS;29/12/2008;Nordeste;MA;Barreirinhas;Norte Maranhense;Lencois Maranhenses
42115;INSTITUTO FEDERAL DO MARANHaO CAMPUS AVANcADO PORTO FRANCO;30/12/2013;Nordeste;MA;Porto Franco;Sul Maranhense;Porto Franco
2866;INSTITUTO FEDERAL DA BAHIA - CAMPUS SANTO AMARO;07/01/2009;Nordeste;BA;Santo Amaro;Metropolitana de Salvador;Santo Antonio de Jesus
44046;INSTITUTO FEDERAL BAIANO � CAMPUS SERRINHA;30/12/2008;Nordeste;BA;Serrinha;Nordeste Baiano;Serrinha
14223;INSTITUTO FEDERAL DO CEARa - CAMPUS ACARAu;30/03/2010;Nordeste;CE;Acarau;Noroeste Cearense;Litoral de Camocim e Acarau
20084;INSTITUTO FEDERAL DO CEARa - CAMPUS JAGUARIBE;08/12/2010;Nordeste;CE;Jaguaribe;Jaguaribe;Medio Jaguaribe
20567;INSTITUTO FEDERAL DE BRASiLIA - CAMPUS SaO SEBASTIaO;15/07/2011;Centro-Oeste;DF;Brasilia;Distrito Federal;Brasilia
2803;INSTITUTO FEDERAL DE BRASiLIA - CAMPUS PLANALTINA;29/12/2008;Centro-Oeste;DF;Brasilia;Distrito Federal;Brasilia
2891;INSTITUTO FEDERAL DO ESPiRITO SANTO - CAMPUS ALEGRE;07/01/2009;Sudeste;ES;Alegre;Sul Espirito-santense;Alegre
2896;INSTITUTO FEDERAL DO ESPiRITO SANTO - CAMPUS COLATINA;07/01/2009;Sudeste;ES;Colatina;Noroeste Espirito-santense;Colatina
14500;INSTITUTO FEDERAL DO ESPiRITO SANTO - CAMPUS IBATIBA;03/03/2010;Sudeste;ES;Ibatiba;Sul Espirito-santense;Alegre
2899;INSTITUTO FEDERAL DO ESPiRITO SANTO - CAMPUS SaO MATEUS;07/01/2009;Sudeste;ES;Sao Mateus;Litoral Norte Espirito-santense;Sao Mateus
32320;INSTITUTO FEDERAL DO ESPiRITO SANTO CAMPUS AVANcADO VIANA;17/03/2014;Sudeste;ES;Viana;Central Espirito-santense;Vitoria
32227;INSTITUTO FEDERAL GOIANO CAMPUS AVANcADO CRISTALINA;30/12/2013;Centro-Oeste;GO;Cristalina;Leste Goiano;Entorno de Brasilia
20433;INSTITUTO FEDERAL DE GOIaS - CAMPUS GOIaNIA OESTE;28/12/2008;Centro-Oeste;GO;Goiania;Centro Goiano;Goiania
3003;INSTITUTO FEDERAL DE GOIaS - CAMPUS INHUMAS;07/01/2009;Centro-Oeste;GO;Inhumas;Centro Goiano;Anapolis
3002;INSTITUTO FEDERAL DE GOIaS - CAMPUS JATAi;07/01/2009;Centro-Oeste;GO;Jatai;Sul Goiano;Sudoeste de Goias
42051;INSTITUTO FEDERAL DO SUDESTE DE MINAS GERAIS CAMPUS MANHUAcU;30/12/2013;Sudeste;MG;Manhuacu;Zona da Mata;Manhuacu
3366;INSTITUTO FEDERAL DO TRIaNGULO MINEIRO - CAMPUS PARACATU;30/12/2008;Sudeste;MG;Paracatu;Noroeste de Minas;Paracatu
42217;INSTITUTO FEDERAL DO NORTE DE MINAS GERAIS CENTRO DE REFEReNCIA PORTEIRINHA;30/12/2013;Sudeste;MG;Porteirinha;Norte de Minas;Janauba
2991;INSTITUTO FEDERAL DO SUDESTE DE MINAS GERAIS - CAMPUS RIO POMBA;07/01/2009;Sudeste;MG;Rio Pomba;Zona da Mata;Uba
23460;INSTITUTO FEDERAL DE MINAS GERAIS - CAMPUS SABARa;26/11/2011;Sudeste;MG;Sabara;Metropolitana de Belo Horizonte;Belo Horizonte
42125;INSTITUTO FEDERAL DE MINAS GERAIS - CAMPUS SANTA LUZIA;30/12/2013;Sudeste;MG;Santa Luzia;Metropolitana de Belo Horizonte;Belo Horizonte
13649;INSTITUTO FEDERAL DO NORTE DE MINAS GERAIS - CAMPUS ARAcUAi;07/01/2009;Sudeste;MG;Aracuai;Jequitinhonha;Aracuai
13192;INSTITUTO FEDERAL DE MINAS GERAIS - CAMPUS GOVERNADOR VALADARES;07/01/2009;Sudeste;MG;Governador Valadares;Vale do Rio Doce;Governador Valadares
2918;INSTITUTO FEDERAL DO PARa - CAMPUS TUCURUi;07/01/2009;Norte;PA;Tucurui;Sudeste Paraense;Tucurui
3562;INSTITUTO FEDERAL DA PARAiBA - CAMPUS CABEDELO;07/01/2009;Nordeste;PB;Cabedelo;Mata Paraibana;Joao Pessoa
42528;INSTITUTO FEDERAL DA PARAiBA CAMPUS ITAPORANGA;20/01/2014;Nordeste;PB;Itaporanga;Sertao Paraibano;Itaporanga
2810;INSTITUTO FEDERAL DA PARAiBA - CAMPUS SOUSA;07/01/2009;Nordeste;PB;Sousa;Sertao Paraibano;Sousa
13903;INSTITUTO FEDERAL DO TRIaNGULO MINEIRO - CAMPUS UBERLaNDIA CENTRO;03/12/2009;Sudeste;MG;Uberlandia;Triangulo Mineiro/Alto Paranaiba;Uberlandia
12975;UNIVERSIDADE FEDERAL DE UBERLaNDIA - ESCOLA TeCNICA DE SAuDE DA UFU;29/10/1981;Sudeste;MG;Uberlandia;Triangulo Mineiro/Alto Paranaiba;Uberlandia
14144;INSTITUTO FEDERAL DO MATO GROSSO DO SUL - CAMPUS CORUMBa;08/07/2010;Centro-Oeste;MS;Corumba;Pantanais Sul Mato-grossense;Baixo Pantanal
13511;INSTITUTO FEDERAL DE MATO GROSSO - CAMPUS CONFRESA;07/01/2009;Centro-Oeste;MT;Confresa;Nordeste Mato-grossense;Norte Araguaia
13863;INSTITUTO FEDERAL DO PARa - CAMPUS BREVES;30/12/2008;Norte;PA;Breves;Marajo;Furos de Breves
13782;INSTITUTO FEDERAL DO PARANa - CAMPUS PALMAS;28/12/2008;Sul;PR;Palmas;Centro-Sul Paranaense;Palmas
3344;UNIVERSIDADE TECNOLoGICA FEDERAL DO PARANa - CAMPUS PONTA GROSSA;20/10/1992;Sul;PR;Ponta Grossa;Centro Oriental Paranaense;Ponta Grossa
2877;INSTITUTO FEDERAL DO SERTaO PERNAMBUCANO - CAMPUS FLORESTA;07/01/2009;Nordeste;PE;Floresta;Sao Francisco Pernambucano;Itaparica
2856;INSTITUTO FEDERAL DE PERNAMBUCO - CAMPUS RECIFE;07/01/2009;Nordeste;PE;Recife;Metropolitana de Recife;Recife
32044;INSTITUTO FEDERAL DO SERTaO PERNAMBUCANO - CAMPUS SANTA MARIA DA BOA VISTA;06/01/2009;Nordeste;PE;Santa Maria da Boa Vista;Sao Francisco Pernambucano;Petrolina
31993;INSTITUTO FEDERAL DO PIAUi CAMPUS AVANcADO JOSe FREITAS;22/01/2014;Nordeste;PI;Jose de Freitas;Centro-Norte Piauiense;Teresina
13306;INSTITUTO FEDERAL DO PIAUi - CAMPUS PAULISTANA;07/01/2009;Nordeste;PI;Paulistana;Sudeste Piauiense;Alto Medio Caninde
31980;INSTITUTO FEDERAL SUL RIOGRANDENSE CAMPUS AVANcADO NOVO HAMBURGO;22/01/2014;Sul;RS;Novo Hamburgo;Metropolitana de Porto Alegre;Porto Alegre
2928;INSTITUTO FEDERAL SUL-RIO-GRANDENSE - CAMPUS PELOTAS;07/01/2009;Sul;RS;Pelotas;Sudeste Rio-grandense;Pelotas
1700;COLeGIO PEDRO II - CAMPUS SaO CRISToVaO III;17/11/2008;Sudeste;RJ;Rio de Janeiro;Metropolitana do Rio de Janeiro;Rio de Janeiro
1702;COLeGIO PEDRO II - CAMPUS ENGENHO NOVO II;17/11/2008;Sudeste;RJ;Rio de Janeiro;Metropolitana do Rio de Janeiro;Rio de Janeiro
3004;INSTITUTO FEDERAL DO RIO DE JANEIRO CAMPUS REALENGO;07/01/2009;Sudeste;RJ;Rio de Janeiro;Metropolitana do Rio de Janeiro;Rio de Janeiro
13008;INSTITUTO FEDERAL DO RIO GRANDE DO NORTE - CAMPUS APODI;28/07/2009;Nordeste;RN;Apodi;Oeste Potiguar;Chapada do Apodi
2962;INSTITUTO FEDERAL DO RIO GRANDE DO NORTE - CAMPUS NATAL ZONA NORTE;07/01/2009;Nordeste;RN;Natal;Leste Potiguar;Natal
42055;INSTITUTO FEDERAL DO RIO GRANDE DO NORTE CAMPUS AVANcADO PARELHAS;31/12/2013;Nordeste;RN;Parelhas;Central Potiguar;Serido Oriental
20413;INSTITUTO FEDERAL DO RIO GRANDE DO NORTE - CAMPUS PARNAMIRIM;29/12/2008;Nordeste;RN;Parnamirim;Leste Potiguar;Natal
13018;INSTITUTO FEDERAL DO RIO GRANDE DO NORTE - CAMPUS SANTA CRUZ;28/07/2009;Nordeste;RN;Santa Cruz;Agreste Potiguar;Borborema Potiguar
3523;INSTITUTO FEDERAL DE RONDoNIA - CAMPUS JI-PARANa;29/12/2008;Norte;RO;Ji-Parana;Leste Rondoniense;Ji-Parana
32005;INSTITUTO FEDERAL DO RIO GRANDE DO SUL CAMPUS ALVORADA;28/12/2008;Sul;RS;Alvorada;Metropolitana de Porto Alegre;Porto Alegre
13801;INSTITUTO FEDERAL DO RIO GRANDE DO SUL - CAMPUS CAXIAS DO SUL;29/12/2008;Sul;RS;Caxias do Sul;Nordeste Rio-grandense;Caxias do Sul
3446;INSTITUTO FEDERAL DE SERGIPE - CAMPUS SaO CRISToVaO;07/01/2009;Nordeste;SE;Sao Cristovao;Leste Sergipano;Aracaju
2851;INSTITUTO FEDERAL DE SaO PAULO - CAMPUS CAMPOS DO JORDaO;30/12/2008;Sudeste;SP;Campos do Jordao;Vale do Paraiba Paulista;Campos do Jordao
14030;INSTITUTO FEDERAL DE SaO PAULO - CAMPUS ITAPETININGA;30/12/2008;Sudeste;SP;Itapetininga;Itapetininga;Itapetininga
31998;INSTITUTO FEDERAL CATARINENSE CAMPUS AVANcADO ABELARDO LUZ;22/01/2014;Sul;SC;Abelardo Luz;Oeste Catarinense;Xanxere
20411;INSTITUTO FEDERAL CATARINENSE - CAMPUS IBIRAMA;29/12/2008;Sul;SC;Ibirama;Vale do Itajai;Rio do Sul
2828;INSTITUTO FEDERAL DE SANTA CATARINA - CAMPUS JOINVILLE;07/01/2009;Sul;SC;Joinville;Norte Catarinense;Joinville
2831;INSTITUTO FEDERAL CATARINENSE - CAMPUS SANTA ROSA DO SUL;07/01/2009;Sul;SC;Santa Rosa do Sul;Sul Catarinense;Ararangua
14259;INSTITUTO FEDERAL DE SANTA CATARINA - CAMPUS XANXERe;07/01/2009;Sul;SC;Xanxere;Oeste Catarinense;Xanxere
20064;INSTITUTO FEDERAL DE SERGIPE - CAMPUS ESTaNCIA;30/12/2008;Nordeste;SE;Estancia;Leste Sergipano;Estancia
32148;INSTITUTO FEDERAL DE SaO PAULO CAMPUS JACAREi;29/12/2008;Sudeste;SP;Jacarei;Vale do Paraiba Paulista;Sao Jose dos Campos
21884;INSTITUTO FEDERAL DE SaO PAULO - CAMPUS REGISTRO;21/09/2010;Sudeste;SP;Registro;Litoral Sul Paulista;Registro
2849;INSTITUTO FEDERAL DE SaO PAULO - CAMPUS SALTO;30/12/2008;Sudeste;SP;Salto;Macro Metropolitana Paulista;Sorocaba
43476;INSTITUTO FEDERAL DE SaO PAULO CAMPUS SaO PAULO PIRITUBA;29/12/2008;Sudeste;SP;Sao Paulo;Metropolitana de Sao Paulo;Sao Paulo
42735;INSTITUTO FEDERAL DE SaO PAULO CAMPUS AVANcADO TUPa;01/03/2014;Sudeste;SP;Tupa;Marilia;Tupa
2855;INSTITUTO FEDERAL DE ALAGOAS - CAMPUS SATUBA;07/01/2009;Nordeste;AL;Satuba;Leste Alagoano;Maceio
2889;INSTITUTO FEDERAL DO AMAZONAS - CAMPUS MANAUS CENTRO;07/01/2009;Norte;AM;Manaus;Centro Amazonense;Manaus
13796;INSTITUTO FEDERAL DO AMAZONAS - CAMPUS TABATINGA;07/01/2009;Norte;AM;Tabatinga;Sudoeste Amazonense;Alto Solimoes
32109;INSTITUTO FEDERAL DO AMAPa CAMPUS SANTANA;22/01/2014;Norte;AP;Santana;Sul do Amapa;Macapa
2886;INSTITUTO FEDERAL DA BAHIA - CAMPUS BARREIRAS;07/01/2009;Nordeste;BA;Barreiras;Extremo Oeste Baiano;Barreiras
32231;INSTITUTO FEDERAL GOIANO CAMPUS TRINDADE;29/12/2008;Centro-Oeste;GO;Trindade;Centro Goiano;Goiania
2908;INSTITUTO FEDERAL DO MARANHaO - CAMPUS BURITICUPU;07/01/2009;Nordeste;MA;Buriticupu;Oeste Maranhense;Pindare
2904;INSTITUTO FEDERAL DO MARANHaO - CAMPUS CODo;07/01/2009;Nordeste;MA;Codo;Leste Maranhense;Codo
32134;INSTITUTO FEDERAL DO MARANHaO CAMPUS PEDREIRAS;08/10/2013;Nordeste;MA;Pedreiras;Centro Maranhense;Medio Mearim
20096;INSTITUTO FEDERAL DO MARANHaO - CAMPUS SaO JOaO DOS PATOS;29/12/2008;Nordeste;MA;Sao Joao dos Patos;Leste Maranhense;Chapadas do Alto Itapecuru
2950;INSTITUTO FEDERAL BAIANO - CAMPUS TEIXEIRA DE FREITAS;07/01/2009;Nordeste;BA;Teixeira de Freitas;Sul Baiano;Porto Seguro
2871;INSTITUTO FEDERAL DA BAHIA - CAMPUS VALENcA TENTO;07/01/2009;Nordeste;BA;Valenca;Sul Baiano;Valenca
20434;INSTITUTO FEDERAL DO CEARa - CAMPUS CAMOCIM;29/12/2008;Nordeste;CE;Camocim;Noroeste Cearense;Litoral de Camocim e Acarau
20436;INSTITUTO FEDERAL DO CEARa - CAMPUS MORADA NOVA;29/12/2008;Nordeste;CE;Morada Nova;Jaguaribe;Baixo Jaguaribe
14191;INSTITUTO FEDERAL DO CEARa - CAMPUS TIANGUa;30/03/2010;Nordeste;CE;Tiangua;Noroeste Cearense;Ibiapaba
13367;INSTITUTO FEDERAL DE BRASiLIA - CAMPUS TAGUATINGA;07/01/2009;Centro-Oeste;DF;Brasilia;Distrito Federal;Brasilia
20892;INSTITUTO FEDERAL DE BRASiLIA - CAMPUS TAGUATINGA CENTRO;01/11/2011;Centro-Oeste;DF;Brasilia;Distrito Federal;Brasilia
42638;INSTITUTO FEDERAL DO ESPIRITO SANTO - CENTRO DE REFEReNCIA EM FORMAcaO E EM EDUCAcaO A DISTaNCIA;13/08/2014;Sudeste;ES;Vitoria;Central Espirito-santense;Vitoria
2953;INSTITUTO FEDERAL GOIANO - CAMPUS CERES;07/01/2009;Centro-Oeste;GO;Ceres;Centro Goiano;Ceres
42052;INSTITUTO FEDERAL GOIANO CAMPUS AVANcADO IPAMERI;30/12/2013;Centro-Oeste;GO;Ipameri;Sul Goiano;Catalao
20381;INSTITUTO FEDERAL DO MARANHaO - CAMPUS TIMON;30/12/2008;Nordeste;MA;Timon;Leste Maranhense;Caxias
13209;INSTITUTO FEDERAL DO NORTE DE MINAS GERAIS - CAMPUS ARINOS;07/01/2009;Sudeste;MG;Arinos;Noroeste de Minas;Unai
2996;INSTITUTO FEDERAL DE MINAS GERAIS - CAMPUS BAMBUi;07/01/2009;Sudeste;MG;Bambui;Oeste de Minas;Piui
20439;INSTITUTO FEDERAL DE MINAS GERAIS - CAMPUS BETIM;29/12/2008;Sudeste;MG;Betim;Metropolitana de Belo Horizonte;Belo Horizonte
42205;INSTITUTO FEDERAL DO SUDESTE DE MINAS GERAIS CENTRO DE REFEReNCIA CATAGUASES;30/12/2013;Sudeste;MG;Cataguases;Zona da Mata;Cataguases
21662;CENTRO FEDERAL DE EDUCAcaO TECNOLoGICA DE MINAS GERAIS - UNED CONTAGEM;06/12/2011;Sudeste;MG;Contagem;Metropolitana de Belo Horizonte;Belo Horizonte
3042;CENTRO FEDERAL DE EDUCAcaO TECNOLoGICA DE MINAS GERAIS - UNED DIVINoPOLIS;07/01/2009;Sudeste;MG;Divinopolis;Oeste de Minas;Divinopolis
3228;INSTITUTO FEDERAL DE MINAS GERAIS - CAMPUS FORMIGA;07/01/2009;Sudeste;MG;Formiga;Oeste de Minas;Formiga
32038;INSTITUTO FEDERAL DA PARAiBA CAMPUS AVANcADO JOaO PESSOA MANGABEIRA;31/01/2014;Nordeste;PB;Joao Pessoa;Mata Paraibana;Joao Pessoa
354;UNIVERSIDADE FEDERAL DA PARAiBA - ESCOLA TeCNICA DE SAuDE DA UFPB;13/12/1960;Nordeste;PB;Joao Pessoa;Mata Paraibana;Joao Pessoa
2809;INSTITUTO FEDERAL DA PARAiBA - CAMPUS JOaO PESSOA;07/01/2009;Nordeste;PB;Joao Pessoa;Mata Paraibana;Joao Pessoa
42071;INSTITUTO FEDERAL DO NORTE DE MINAS GERAIS CAMPUS TEoFILO OTONI;30/12/2013;Sudeste;MG;Teofilo Otoni;Vale do Mucuri;Teofilo Otoni
13892;INSTITUTO FEDERAL DO MATO GROSSO DO SUL - CAMPUS AQUIDAUANA;08/07/2010;Centro-Oeste;MS;Aquidauana;Pantanais Sul Mato-grossense;Aquidauana
42565;INSTITUTO FEDERAL DO MATO GROSSO DO SUL CAMPUS DOURADOS;30/12/2008;Centro-Oeste;MS;Dourados;Sudoeste de Mato Grosso do Sul;Dourados
42566;INSTITUTO FEDERAL DO MATO GROSSO DO SUL CAMPUS NAVIRAi;30/12/2008;Centro-Oeste;MS;Navirai;Sudoeste de Mato Grosso do Sul;Iguatemi
31984;INSTITUTO FEDERAL DE MATO GROSSO - CAMPUS ALTA FLORESTA;22/01/2014;Centro-Oeste;MT;Alta Floresta;Norte Mato-grossense;Alta Floresta
44307;INSTITUTO FEDERAL DE MATO GROSSO - CAMPUS AVANcADO GUARANTA DO NORTE;10/05/2016;Centro-Oeste;MT;Guaranta do Norte;Norte Mato-grossense;Colider
13512;INSTITUTO FEDERAL DE MATO GROSSO - CAMPUS JUiNA;07/01/2009;Centro-Oeste;MT;Juina;Norte Mato-grossense;Aripuana
3485;INSTITUTO FEDERAL DE MATO GROSSO - CAMPUS PONTES E LACERDA;07/01/2009;Centro-Oeste;MT;Pontes e Lacerda;Sudoeste Mato-grossense;Alto Guapore
2969;INSTITUTO FEDERAL DE MATO GROSSO - CAMPUS SaO VICENTE;07/01/2009;Centro-Oeste;MT;Santo Antonio do Leverger;Centro-Sul Mato-grossense;Cuiaba
3526;INSTITUTO FEDERAL DO PARa - CAMPUS BRAGANcA;29/12/2008;Norte;PA;Braganca;Nordeste Paraense;Bragantina
23467;INSTITUTO FEDERAL DO PARANa CAMPUS CAPANEMA;18/06/2012;Sul;PR;Capanema;Sudoeste Paranaense;Capanema
13789;INSTITUTO FEDERAL DO PARANa - CAMPUS CASCAVEL;30/12/2008;Sul;PR;Cascavel;Oeste Paranaense;Cascavel
31964;INSTITUTO FEDERAL DO PARANa - CAMPUS AVANcADO CORONEL VIVIDA;18/06/2012;Sul;PR;Coronel Vivida;Sudoeste Paranaense;Pato Branco
2924;INSTITUTO FEDERAL DO PARANa - CAMPUS CURITIBA;07/01/2009;Sul;PR;Curitiba;Metropolitana de Curitiba;Curitiba
3657;UNIVERSIDADE TECNOLoGICA FEDERAL DO PARANa - CAMPUS MEDIANEIRA;10/10/2005;Sul;PR;Medianeira;Oeste Paranaense;Foz do Iguacu
2867;INSTITUTO FEDERAL DE PERNAMBUCO - CAMPUS PESQUEIRA;07/01/2009;Nordeste;PE;Pesqueira;Agreste Pernambucano;Vale do Ipojuca
2921;INSTITUTO FEDERAL DO PIAUi - CAMPUS FLORIANO;07/01/2009;Nordeste;PI;Floriano;Sudoeste Piauiense;Floriano
13305;INSTITUTO FEDERAL DO PIAUi - CAMPUS SaO RAIMUNDO NONATO;07/01/2009;Nordeste;PI;Sao Raimundo Nonato;Sudoeste Piauiense;Sao Raimundo Nonato
12424;COLeGIO TeCNICO DE TERESINA;10/05/1954;Nordeste;PI;Teresina;Centro-Norte Piauiense;Teresina
31962;INSTITUTO FEDERAL DO PARANa CAMPUS AVANcADO ASTORGA;18/06/2012;Sul;PR;Astorga;Norte Central Paranaense;Astorga
14080;INSTITUTO FEDERAL FARROUPILHA - CAMPUS PANAMBI;07/01/2009;Sul;RS;Panambi;Noroeste Rio-grandense;Ijui
12737;UNIVERSIDADE FEDERAL DE SANTA MARIA - COLeGIO POLITeCNICO DA UNIVERSIDADE FEDERAL SANTA MARIA;24/01/1961;Sul;RS;Santa Maria;Centro Ocidental Rio-grandense;Santa Maria
32048;INSTITUTO FEDERAL FARROUPILHA - CAMPUS SANTO aNGELO;31/01/2014;Sul;RS;Santo angelo;Noroeste Rio-grandense;Santo angelo
2929;INSTITUTO FEDERAL SUL-RIO-GRANDENSE - CAMPUS SAPUCAIA DO SUL;07/01/2009;Sul;RS;Sapucaia do Sul;Metropolitana de Porto Alegre;Porto Alegre
42059;INSTITUTO FEDERAL FLUMINENSE - CAMPUS AVANcADO MARICa;30/12/2013;Sudeste;RJ;Marica;Metropolitana do Rio de Janeiro;Rio de Janeiro
13909;INSTITUTO FEDERAL FLUMINENSE - CAMPUS QUISSAMa;12/01/2010;Sudeste;RJ;Quissama;Norte Fluminense;Macae
32055;INSTITUTO FEDERAL FLUMINENSE - CAMPUS SANTO ANToNIO DE PaDUA;25/04/2013;Sudeste;RJ;Santo Antonio de Padua;Noroeste Fluminense;Santo Antonio de Padua
3530;INSTITUTO FEDERAL DO RIO DE JANEIRO - CAMPUS VOLTA REDONDA;07/01/2009;Sudeste;RJ;Volta Redonda;Sul Fluminense;Vale do Paraiba Fluminense
13013;INSTITUTO FEDERAL DO RIO GRANDE DO NORTE - CAMPUS JOaO CaMARA;28/07/2009;Nordeste;RN;Joao Camara;Agreste Potiguar;Baixa Verde
13766;INSTITUTO FEDERAL DE RONDoNIA - CAMPUS PORTO VELHO ZONA NORTE;07/01/2009;Norte;RO;Porto Velho;Madeira-Guapore;Porto Velho
20078;INSTITUTO FEDERAL DE SERGIPE - CAMPUS NOSSA SENHORA DA GLoRIA;30/12/2008;Nordeste;SE;Nossa Senhora da Gloria;Sertao Sergipano;Sergipana do Sertao do Sao Francisco
14035;INSTITUTO FEDERAL DE SaO PAULO - CAMPUS ARARAQUARA;30/12/2008;Sudeste;SP;Araraquara;Araraquara;Araraquara
14032;INSTITUTO FEDERAL DE SaO PAULO - CAMPUS CATANDUVA;30/12/2008;Sudeste;SP;Catanduva;Sao Jose do Rio Preto;Catanduva
2832;INSTITUTO FEDERAL CATARINENSE - CAMPUS CAMBORIu;07/01/2009;Sul;SC;Camboriu;Vale do Itajai;Itajai
2824;INSTITUTO FEDERAL DE SANTA CATARINA - CAMPUS FLORIANoPOLIS;07/01/2009;Sul;SC;Florianopolis;Grande Florianopolis;Florianopolis
20424;INSTITUTO FEDERAL CATARINENSE - CAMPUS FRAIBURGO;29/12/2008;Sul;SC;Fraiburgo;Oeste Catarinense;Joacaba
34969;INSTITUTO FEDERAL DE SaO PAULO CAMPUS AVANcADO JUNDIAi;29/12/2008;Sudeste;SP;Jundiai;Macro Metropolitana Paulista;Jundiai
32537;INSTITUTO FEDERAL DO TOCANTINS - CAMPUS AVANcADO FORMOSO DO ARAGUAIA;22/01/2014;Norte;TO;Formoso do Araguaia;Ocidental do Tocantins;Rio Formoso
32491;INSTITUTO FEDERAL DO AMAZONAS CAMPUS AVANcADO MANACAPURU;22/01/2014;Norte;AM;Manacapuru;Centro Amazonense;Manaus
2902;INSTITUTO FEDERAL DO AMAZONAS - CAMPUS MANAUS ZONA LESTE;07/01/2009;Norte;AM;Manaus;Centro Amazonense;Manaus
13792;INSTITUTO FEDERAL DO AMAZONAS - CAMPUS PARINTINS;29/12/2008;Norte;AM;Parintins;Centro Amazonense;Parintins
2983;INSTITUTO FEDERAL DO AMAZONAS - CAMPUS SaO GABRIEL DA CACHOEIRA;07/01/2009;Norte;AM;Sao Gabriel da Cachoeira;Norte Amazonense;Rio Negro
14131;INSTITUTO FEDERAL DO AMAPa - CAMPUS LARANJAL DO JARI;06/12/2010;Norte;AP;Laranjal do Jari;Sul do Amapa;Mazagao
32107;INSTITUTO FEDERAL DO AMAPa CAMPUS PORTO GRANDE;22/01/2014;Norte;AP;Porto Grande;Sul do Amapa;Macapa
23625;INSTITUTO FEDERAL BAIANO - CAMPUS GOVERNADOR MANGABEIRA;24/04/2013;Nordeste;BA;Governador Mangabeira;Metropolitana de Salvador;Santo Antonio de Jesus
32036;INSTITUTO FEDERAL DA BAHIA CAMPUS JUAZEIRO;29/12/2008;Nordeste;BA;Juazeiro;Vale Sao-Franciscano da Bahia;Juazeiro
14329;INSTITUTO FEDERAL DO ACRE - CAMPUS CRUZEIRO DO SUL;29/12/2008;Norte;AC;Cruzeiro do Sul;Vale do Jurua;Cruzeiro do Sul
32006;INSTITUTO FEDERAL DE ALAGOAS - CAMPUS BATALHA;22/01/2014;Nordeste;AL;Batalha;Sertao Alagoano;Batalha
20106;INSTITUTO FEDERAL DO MARANHaO - CAMPUS BARRA DO CORDA;29/12/2008;Nordeste;MA;Barra do Corda;Centro Maranhense;Alto Mearim e Grajau
20382;INSTITUTO FEDERAL DO MARANHaO - CAMPUS CAXIAS;30/12/2008;Nordeste;MA;Caxias;Leste Maranhense;Caxias
2905;INSTITUTO FEDERAL DO MARANHaO - CAMPUS IMPERATRIZ;07/01/2009;Nordeste;MA;Imperatriz;Oeste Maranhense;Imperatriz
2901;INSTITUTO FEDERAL DO MARANHaO - CAMPUS SaO LUiS MONTE CASTELO;07/01/2009;Nordeste;MA;Sao Luis;Norte Maranhense;Aglomeracao Urbana de Sao Luis
2947;INSTITUTO FEDERAL BAIANO - CAMPUS SANTA INeS;07/01/2009;Nordeste;BA;Santa Ines;Centro Sul Baiano;Jequie
2876;INSTITUTO FEDERAL DA BAHIA - CAMPUS VIToRIA DA CONQUISTA;07/01/2009;Nordeste;BA;Vitoria da Conquista;Centro Sul Baiano;Vitoria da Conquista
20412;INSTITUTO FEDERAL DO CEARa - CAMPUS ARACATI;29/12/2008;Nordeste;CE;Aracati;Jaguaribe;Litoral de Aracati
14190;INSTITUTO FEDERAL DO CEARa - CAMPUS BATURITe;30/03/2010;Nordeste;CE;Baturite;Norte Cearense;Baturite
2985;INSTITUTO FEDERAL DO CEARa - CAMPUS CEDRO;07/01/2009;Nordeste;CE;Cedro;Centro-Sul Cearense;Iguatu
2986;INSTITUTO FEDERAL DO CEARa - CAMPUS JUAZEIRO DO NORTE;07/01/2009;Nordeste;CE;Juazeiro do Norte;Sul Cearense;Cariri
14194;INSTITUTO FEDERAL DO CEARa - CAMPUS TAUa;30/03/2010;Nordeste;CE;Taua;Sertoes Cearenses;Sertao de Inhamuns
20438;INSTITUTO FEDERAL DO CEARa - CAMPUS UBAJARA;29/12/2008;Nordeste;CE;Ubajara;Noroeste Cearense;Ibiapaba
13368;INSTITUTO FEDERAL DE BRASiLIA - CAMPUS SAMAMBAIA;07/01/2009;Centro-Oeste;DF;Brasilia;Distrito Federal;Brasilia
13838;INSTITUTO FEDERAL DO ESPiRITO SANTO - CAMPUS GUARAPARI;07/01/2009;Sudeste;ES;Guarapari;Central Espirito-santense;Guarapari
13597;INSTITUTO FEDERAL DO ESPiRITO SANTO - CAMPUS VENDA NOVA DO IMIGRANTE;07/01/2009;Sudeste;ES;Venda Nova do Imigrante;Central Espirito-santense;Afonso Claudio
13794;INSTITUTO FEDERAL DE GOIaS - CAMPUS LUZIaNIA;28/10/2008;Centro-Oeste;GO;Luziania;Leste Goiano;Entorno de Brasilia
2912;INSTITUTO FEDERAL DO NORTE DE MINAS GERAIS - CAMPUS JANUaRIA;07/01/2009;Sudeste;MG;Januaria;Norte de Minas;Januaria
13462;INSTITUTO FEDERAL DO SUDESTE DE MINAS GERAIS - CAMPUS MURIAe;07/01/2009;Sudeste;MG;Muriae;Zona da Mata;Muriae
2993;INSTITUTO FEDERAL DE MINAS GERAIS - CAMPUS OURO PRETO;04/01/2009;Sudeste;MG;Ouro Preto;Metropolitana de Belo Horizonte;Ouro Preto
14022;INSTITUTO FEDERAL DO SUL DE MINAS GERAIS - CAMPUS PASSOS;30/12/2008;Sudeste;MG;Passos;Sul/Sudoeste de Minas;Passos
13904;INSTITUTO FEDERAL DO TRIaNGULO MINEIRO - CAMPUS PATROCiNIO;03/12/2009;Sudeste;MG;Patrocinio;Triangulo Mineiro/Alto Paranaiba;Patrocinio
20431;INSTITUTO FEDERAL DE MINAS GERAIS - CAMPUS RIBEIRaO DAS NEVES;29/12/2008;Sudeste;MG;Ribeirao das Neves;Metropolitana de Belo Horizonte;Belo Horizonte
32004;INSTITUTO FEDERAL DO TRIaNGULO MINEIRO CAMPUS AVANcADO CAMPINA VERDE;22/01/2014;Sudeste;MG;Campina Verde;Triangulo Mineiro/Alto Paranaiba;Frutal
42278;INSTITUTO FEDERAL DE MINAS GERAIS - CAMPUS AVANcADO CONSELHEIRO LAFAIETE;30/12/2013;Sudeste;MG;Conselheiro Lafaiete;Metropolitana de Belo Horizonte;Conselheiro Lafaiete
43071;INSTITUTO FEDERAL DE MINAS GERAIS - CAMPUS AVANcADO ITABIRITO;21/01/2015;Sudeste;MG;Itabirito;Metropolitana de Belo Horizonte;Ouro Preto
3565;UNIVERSIDADE FEDERAL DA PARAiBA - COLeGIO AGRiCOLA VIDAL DE NEGREIROS DA UFPB;20/01/1947;Nordeste;PB;Bananeiras;Agreste Paraibano;Brejo Paraibano
3585;INSTITUTO FEDERAL DA PARAiBA - CAMPUS MONTEIRO;07/01/2009;Nordeste;PB;Monteiro;Borborema;Cariri Ocidental
2858;INSTITUTO FEDERAL DE PERNAMBUCO - CAMPUS BELO JARDIM;07/01/2009;Nordeste;PE;Belo Jardim;Agreste Pernambucano;Vale do Ipojuca
13447;INSTITUTO FEDERAL DO MATO GROSSO DO SUL - CAMPUS NOVA ANDRADINA;28/12/2008;Centro-Oeste;MS;Nova Andradina;Leste de Mato Grosso do Sul;Nova Andradina
2967;INSTITUTO FEDERAL DE MATO GROSSO - CAMPUS CUIABa BELA VISTA;07/01/2009;Centro-Oeste;MT;Cuiaba;Centro-Sul Mato-grossense;Cuiaba
31982;INSTITUTO FEDERAL DE MATO GROSSO - CAMPUS AVANcADO SINOP;22/01/2014;Centro-Oeste;MT;Sinop;Norte Mato-grossense;Sinop
3524;INSTITUTO FEDERAL DO PARa - CAMPUS ABAETETUBA;29/12/2008;Norte;PA;Abaetetuba;Nordeste Paraense;Cameta
2916;INSTITUTO FEDERAL DO PARa - CAMPUS ALTAMIRA;07/01/2009;Norte;PA;Altamira;Sudoeste Paraense;Altamira
32045;INSTITUTO FEDERAL DO PARa CAMPUS PARAUAPEBAS;22/01/2014;Norte;PA;Parauapebas;Sudeste Paraense;Parauapebas
13805;INSTITUTO FEDERAL DO PARANa - CAMPUS CAMPO LARGO;07/01/2009;Sul;PR;Campo Largo;Metropolitana de Curitiba;Curitiba
23761;INSTITUTO FEDERAL DO PARANa CAMPUS COLOMBO;18/06/2012;Sul;PR;Curitiba;Metropolitana de Curitiba;Curitiba
23465;INSTITUTO FEDERAL DO PARANa CAMPUS PINHAIS;18/06/2012;Sul;PR;Pinhais;Metropolitana de Curitiba;Curitiba
31975;INSTITUTO FEDERAL DO PARANa CAMPUS AVANcADO QUEDAS DO IGUAcU;18/06/2012;Sul;PR;Quedas do Iguacu;Centro-Sul Paranaense;Guarapuava
22643;INSTITUTO FEDERAL DO PIAUi - CAMPUS OEIRAS;29/12/2008;Nordeste;PI;Oeiras;Sudeste Piauiense;Picos
13292;INSTITUTO FEDERAL DO PIAUi - CAMPUS PIRIPIRI;07/01/2009;Nordeste;PI;Piripiri;Norte Piauiense;Baixo Parnaiba Piauiense
3672;UNIVERSIDADE TECNOLoGICA FEDERAL DO PARANa - CAMPUS APUCARANA;29/11/2006;Sul;PR;Apucarana;Norte Central Paranaense;Apucarana
31979;INSTITUTO FEDERAL SUL-RIO-GRANDENSE - CAMPUS AVANcADO JAGUARaO;22/01/2014;Sul;RS;Jaguarao;Sudeste Rio-grandense;Jaguarao
22819;INSTITUTO FEDERAL FARROUPILHA - CAMPUS JAGUARI;04/09/2012;Sul;RS;Jaguari;Centro Ocidental Rio-grandense;Santa Maria
31909;INSTITUTO FEDERAL SUL-RIO-GRANDENSE - CAMPUS SAPIRANGA;08/10/2013;Sul;RS;Sapiranga;Metropolitana de Porto Alegre;Porto Alegre
12976;UNIVERSIDADE FEDERAL RURAL DO RIO DE JANEIRO - COLeGIO TeCNICO DA UFRRJ;04/03/1975;Sudeste;RJ;Seropedica;Metropolitana do Rio de Janeiro;Itaguai
2976;INSTITUTO FEDERAL DO RIO GRANDE DO NORTE - CAMPUS CURRAIS NOVOS;30/06/2006;Nordeste;RN;Currais Novos;Central Potiguar;Serido Oriental
2977;INSTITUTO FEDERAL DO RIO GRANDE DO NORTE - CAMPUS MOSSORo;07/01/2009;Nordeste;RN;Mossoro;Oeste Potiguar;Mossoro
20444;INSTITUTO FEDERAL DO RIO GRANDE DO NORTE - CAMPUS NATAL CIDADE ALTA;29/12/2008;Nordeste;RN;Natal;Leste Potiguar;Natal
31312;INSTITUTO FEDERAL DO RIO GRANDE DO NORTE - CAMPUS SaO PAULO DO POTENGI;08/10/2013;Nordeste;RN;Sao Paulo do Potengi;Agreste Potiguar;Agreste Potiguar
2927;INSTITUTO FEDERAL DE RONDoNIA - CAMPUS ARIQUEMES;07/01/2009;Norte;RO;Ariquemes;Leste Rondoniense;Ariquemes
14208;INSTITUTO FEDERAL DE RORAIMA - CAMPUS AMAJARI;07/01/2009;Norte;RR;Amajari;Norte de Roraima;Boa Vista
31391;INSTITUTO FEDERAL DE RORAIMA CAMPUS ZONA OESTE;07/10/2013;Norte;RR;Boa Vista;Norte de Roraima;Boa Vista
43147;INSTITUTO FEDERAL DE RORAIMA CAMPUS AVANcADO BONFIM;22/01/2015;Norte;RR;Bonfim;Norte de Roraima;Nordeste de Roraima
2930;INSTITUTO FEDERAL SUL-RIO-GRANDENSE - CAMPUS CHARQUEADAS;07/01/2009;Sul;RS;Charqueadas;Metropolitana de Porto Alegre;Sao Jeronimo
32059;INSTITUTO FEDERAL DE SaO PAULO CAMPUS AVANcADO ARARAS;29/12/2008;Sudeste;SP;Araras;Piracicaba;Limeira
14342;INSTITUTO FEDERAL DE SaO PAULO - CAMPUS BOITUVA;30/12/2008;Sudeste;SP;Boituva;Itapetininga;Tatui
2848;INSTITUTO FEDERAL DE SaO PAULO - CAMPUS CARAGUATATUBA;30/12/2008;Sudeste;SP;Caraguatatuba;Vale do Paraiba Paulista;Caraguatatuba
32047;INSTITUTO FEDERAL FARROUPILHA CAMPUS AVANcADO URUGUAIANA;31/01/2014;Sul;RS;Uruguaiana;Sudoeste Rio-grandense;Campanha Ocidental
32009;INSTITUTO FEDERAL DO RIO GRANDE DO SUL CAMPUS VIAMaO;28/12/2008;Sul;RS;Viamao;Metropolitana de Porto Alegre;Porto Alegre
2833;INSTITUTO FEDERAL CATARINENSE - CAMPUS ARAQUARI;07/01/2009;Sul;SC;Araquari;Norte Catarinense;Joinville
14253;INSTITUTO FEDERAL DE SANTA CATARINA - CAMPUS CANOINHAS;07/01/2009;Sul;SC;Canoinhas;Norte Catarinense;Canoinhas
20410;INSTITUTO FEDERAL CATARINENSE - CAMPUS LUZERNA;29/12/2008;Sul;SC;Luzerna;Oeste Catarinense;Joacaba
2992;INSTITUTO FEDERAL CATARINENSE - CAMPUS RIO DO SUL;07/01/2009;Sul;SC;Rio do Sul;Vale do Itajai;Rio do Sul
32067;INSTITUTO FEDERAL DE SaO PAULO CAMPUS AVANcADO SOROCABA;29/12/2008;Sudeste;SP;Sorocaba;Macro Metropolitana Paulista;Sorocaba
32026;INSTITUTO FEDERAL DO TOCANTINS - CAMPUS COLINAS DO TOCANTINS;22/01/2014;Norte;TO;Colinas do Tocantins;Ocidental do Tocantins;Araguaina
2971;INSTITUTO FEDERAL DO TOCANTINS - CAMPUS PARAiSO DO TOCANTINS;07/01/2009;Norte;TO;Paraiso do Tocantins;Ocidental do Tocantins;Rio Formoso
32455;INSTITUTO FEDERAL DO AMAZONAS - CAMPUS ITACOATIARA;22/01/2014;Norte;AM;Itacoatiara;Centro Amazonense;Itacoatiara
20097;INSTITUTO FEDERAL DA BAHIA - CAMPUS JEQUIe;29/12/2009;Nordeste;BA;Jequie;Centro Sul Baiano;Jequie
14551;INSTITUTO FEDERAL DE ALAGOAS - CAMPUS MURICI;06/07/2010;Nordeste;AL;Murici;Leste Alagoano;Mata Alagoana
32133;INSTITUTO FEDERAL DO MARANHaO CAMPUS GRAJAu;08/10/2013;Nordeste;MA;Grajau;Centro Maranhense;Alto Mearim e Grajau
42173;INSTITUTO FEDERAL DO MARANHaO CAMPUS AVANcADO ROSaRIO;30/12/2013;Nordeste;MA;Rosario;Norte Maranhense;Rosario
2911;INSTITUTO FEDERAL DO MARANHaO - CAMPUS SANTA INeS;07/01/2009;Nordeste;MA;Santa Ines;Oeste Maranhense;Pindare
2952;INSTITUTO FEDERAL BAIANO - CAMPUS VALENcA;07/01/2009;Nordeste;BA;Valenca;Sul Baiano;Valenca
13842;INSTITUTO FEDERAL DO CEARa - CAMPUS CANINDe;09/01/2009;Nordeste;CE;Caninde;Norte Cearense;Caninde
2989;INSTITUTO FEDERAL DO CEARa - CAMPUS CRATO;07/01/2009;Nordeste;CE;Crato;Sul Cearense;Cariri
20437;INSTITUTO FEDERAL DO CEARa - CAMPUS TABULEIRO DO NORTE;29/12/2008;Nordeste;CE;Tabuleiro do Norte;Jaguaribe;Baixo Jaguaribe
32334;INSTITUTO FEDERAL DE BRASiLIA CAMPUS AVANcADO SOBRADINHO;24/01/2014;Centro-Oeste;DF;Brasilia;Distrito Federal;Brasilia
21778;INSTITUTO FEDERAL DE BRASiLIA CAMPUS ESTRUTURAL;23/04/2012;Centro-Oeste;DF;Brasilia;Distrito Federal;Brasilia
13369;INSTITUTO FEDERAL DE BRASiLIA - CAMPUS GAMA;07/01/2009;Centro-Oeste;DF;Brasilia;Distrito Federal;Brasilia
32229;INSTITUTO FEDERAL GOIANO CAMPUS CAMPOS BELOS;29/12/2008;Centro-Oeste;GO;Campos Belos;Norte Goiano;Chapada dos Veadeiros
32225;INSTITUTO FEDERAL GOIANO CAMPUS AVANcADO CATALaO;30/12/2013;Centro-Oeste;GO;Catalao;Sul Goiano;Catalao
14085;INSTITUTO FEDERAL GOIANO - CAMPUS IPORa;06/01/2009;Centro-Oeste;GO;Ipora;Centro Goiano;Ipora
3508;INSTITUTO FEDERAL DE GOIaS - CAMPUS ITUMBIARA;28/12/2008;Centro-Oeste;GO;Itumbiara;Sul Goiano;Meia Ponte
3367;INSTITUTO FEDERAL DO TRIaNGULO MINEIRO - CAMPUS ITUIUTABA;30/12/2008;Sudeste;MG;Ituiutaba;Triangulo Mineiro/Alto Paranaiba;Ituiutaba
42112;INSTITUTO FEDERAL DE MINAS GERAIS - CAMPUS AVANcADO PIUMHI;30/12/2013;Sudeste;MG;Piumhi;Oeste de Minas;Piui
2906;INSTITUTO FEDERAL DO MARANHaO - CAMPUS Ze DOCA;07/01/2009;Nordeste;MA;Ze Doca;Oeste Maranhense;Pindare
3036;CENTRO FEDERAL DE EDUCAcaO TECNOLoGICA DE MINAS GERAIS - UNIDADE BELO HORIZONTE;07/01/2009;Sudeste;MG;Belo Horizonte;Metropolitana de Belo Horizonte;Belo Horizonte
32142;INSTITUTO FEDERAL DO SUDESTE DE MINAS GERAIS CAMPUS AVANcADO BOM SUCESSO;20/09/2011;Sudeste;MG;Bom Sucesso;Oeste de Minas;Oliveira
32049;INSTITUTO FEDERAL DO PARa - CAMPUS AVANcADO VIGIA;22/01/2014;Norte;PA;Vigia;Nordeste Paraense;Salgado
42206;INSTITUTO FEDERAL DO SUDESTE DE MINAS GERAIS CAMPUS AVANcADO UBa;30/12/2013;Sudeste;MG;Uba;Zona da Mata;Uba
13894;INSTITUTO FEDERAL DO MATO GROSSO DO SUL - CAMPUS PONTA PORa;08/07/2010;Centro-Oeste;MS;Ponta Pora;Sudoeste de Mato Grosso do Sul;Dourados
44306;INSTITUTO FEDERAL DE MATO GROSSO - CAMPUS AVANcADO LUCAS DO RIO VERDE;09/05/2016;Centro-Oeste;MT;Lucas do Rio Verde;Norte Mato-grossense;Alto Teles Pires
20148;INSTITUTO FEDERAL DE MATO GROSSO - CAMPUS RONDONoPOLIS;07/01/2009;Centro-Oeste;MT;Rondonopolis;Sudeste Mato-grossense;Rondonopolis
20454;INSTITUTO FEDERAL DE MATO GROSSO - CAMPUS SORRISO;29/12/2008;Centro-Oeste;MT;Sorriso;Norte Mato-grossense;Alto Teles Pires
42681;INSTITUTO FEDERAL DE MATO GROSSO - CAMPUS VaRZEA GRANDE;07/10/2013;Centro-Oeste;MT;Varzea Grande;Centro-Sul Mato-grossense;Cuiaba
32043;INSTITUTO FEDERAL DO PARa CAMPUS ANANINDEUA;22/01/2014;Norte;PA;Ananindeua;Metropolitana de Belem;Belem
32074;INSTITUTO FEDERAL DO PARa - CAMPUS oBIDOS;08/10/2013;Norte;PA;obidos;Baixo Amazonas;obidos
3199;UNIVERSIDADE TECNOLoGICA FEDERAL DO PARANa - CAMPUS CAMPO MOURaO;13/05/1994;Sul;PR;Campo Mourao;Centro Ocidental Paranaense;Campo Mourao
3258;INSTITUTO FEDERAL DO PARANa - CAMPUS FOZ DO IGUAcU;06/01/2009;Sul;PR;Foz do Iguacu;Oeste Paranaense;Foz do Iguacu
13777;INSTITUTO FEDERAL DO PARANa - CAMPUS LONDRINA;28/12/2008;Sul;PR;Londrina;Norte Central Paranaense;Londrina
32363;INSTITUTO FEDERAL DE PERNAMBUCO - CAMPUS OLINDA;22/01/2014;Nordeste;PE;Olinda;Metropolitana de Recife;Recife
2875;INSTITUTO FEDERAL DO SERTaO PERNAMBUCANO - CAMPUS PETROLINA ZONA RURAL;07/01/2009;Nordeste;PE;Petrolina;Sao Francisco Pernambucano;Petrolina
14185;INSTITUTO FEDERAL DO SERTaO PERNAMBUCANO - CAMPUS SALGUEIRO;21/09/2010;Nordeste;PE;Salgueiro;Sertao Pernambucano;Salgueiro
31989;INSTITUTO FEDERAL DO PIAUi - CAMPUS CAMPO MAIOR;24/01/2014;Nordeste;PI;Campo Maior;Centro-Norte Piauiense;Campo Maior
2923;INSTITUTO FEDERAL DO PIAUi - CAMPUS PARNAiBA;07/01/2009;Nordeste;PI;Parnaiba;Norte Piauiense;Litoral Piauiense
20428;INSTITUTO FEDERAL DO PIAUi - CAMPUS SaO JOaO DO PIAUi;29/12/2008;Nordeste;PI;Sao Joao do Piaui;Sudeste Piauiense;Alto Medio Caninde
42043;INSTITUTO FEDERAL SULRIOGRANDENSE CAMPUS GRAVATAi;31/12/2013;Sul;RS;Gravatai;Metropolitana de Porto Alegre;Porto Alegre
3736;INSTITUTO FEDERAL SUL-RIO-GRANDENSE - CAMPUS PELOTAS VISCONDE DA GRAcA;29/12/2008;Sul;RS;Pelotas;Sudeste Rio-grandense;Pelotas
20442;INSTITUTO FEDERAL SUL-RIO-GRANDENSE - CAMPUS SANTANA DO LIVRAMENTO;24/04/2013;Sul;RS;Sant'Ana do Livramento;Sudoeste Rio-grandense;Campanha Central
2934;INSTITUTO FEDERAL FARROUPILHA - CAMPUS SANTO AUGUSTO;07/01/2009;Sul;RS;Santo Augusto;Noroeste Rio-grandense;Ijui
2935;INSTITUTO FEDERAL FARROUPILHA - CAMPUS SaO VICENTE DO SUL;07/01/2009;Sul;RS;Sao Vicente do Sul;Centro Ocidental Rio-grandense;Santa Maria
13774;INSTITUTO FEDERAL DO PARANa - CAMPUS TELeMACO BORBA;28/12/2008;Sul;PR;Telemaco Borba;Centro Oriental Paranaense;Telemaco Borba
13771;INSTITUTO FEDERAL DO PARANa - CAMPUS UMUARAMA;28/12/2008;Sul;PR;Umuarama;Noroeste Paranaense;Umuarama
20445;INSTITUTO FEDERAL DO RIO DE JANEIRO - CAMPUS ARRAIAL DO CABO;29/12/2008;Sudeste;RJ;Arraial do Cabo;Baixadas;Lagos
3008;INSTITUTO FEDERAL FLUMINENSE - CAMPUS BOM JESUS DO ITABAPOANA;07/01/2009;Sudeste;RJ;Bom Jesus do Itabapoana;Noroeste Fluminense;Itaperuna
3009;INSTITUTO FEDERAL FLUMINENSE - CAMPUS CAMPOS CENTRO;07/01/2009;Sudeste;RJ;Campos dos Goytacazes;Norte Fluminense;Campos dos Goytacazes
20565;COLeGIO PEDRO II - CAMPUS DUQUE DE CAXIAS CP;17/11/2008;Sudeste;RJ;Duque de Caxias;Metropolitana do Rio de Janeiro;Rio de Janeiro
20446;INSTITUTO FEDERAL DO RIO DE JANEIRO - CAMPUS ENGENHEIRO PAULO DE FRONTIN;29/12/2008;Sudeste;RJ;Engenheiro Paulo de Frontin;Metropolitana do Rio de Janeiro;Vassouras
3062;CENTRO FEDERAL DE EDUCAcaO TECNOLoGICA CELSO SUCKOW DA FONSECA - UNED NOVA IGUAcU;07/01/2009;Sudeste;RJ;Nova Iguacu;Metropolitana do Rio de Janeiro;Rio de Janeiro
3582;CENTRO FEDERAL DE EDUCAcaO TECNOLoGICA CELSO SUCKOW DA FONSECA - UNED PETRoPOLIS;09/06/2008;Sudeste;RJ;Petropolis;Metropolitana do Rio de Janeiro;Serrana
2942;INSTITUTO FEDERAL DO RIO DE JANEIRO - CAMPUS RIO DE JANEIRO;07/01/2009;Sudeste;RJ;Rio de Janeiro;Metropolitana do Rio de Janeiro;Rio de Janeiro
3005;INSTITUTO FEDERAL DO RIO DE JANEIRO - CAMPUS SaO GONcALO;07/01/2009;Sudeste;RJ;Sao Goncalo;Metropolitana do Rio de Janeiro;Rio de Janeiro
3479;UNIVERSIDADE FEDERAL DO RIO GRANDE DO NORTE - ESCOLA AGRiCOLA DE JUNDIAi DA UFRN;19/12/2007;Nordeste;RN;Macaiba;Leste Potiguar;Macaiba
2936;INSTITUTO FEDERAL DO RIO GRANDE DO SUL - CAMPUS BENTO GONcALVES;07/01/2009;Sul;RS;Bento Goncalves;Nordeste Rio-grandense;Caxias do Sul
2847;INSTITUTO FEDERAL DE SaO PAULO - CAMPUS BRAGANcA PAULISTA;30/12/2008;Sudeste;SP;Braganca Paulista;Macro Metropolitana Paulista;Braganca Paulista
2818;INSTITUTO FEDERAL DE SaO PAULO - CAMPUS GUARULHOS;30/12/2008;Sudeste;SP;Guarulhos;Metropolitana de Sao Paulo;Guarulhos
32014;INSTITUTO FEDERAL DO RIO GRANDE DO SUL - CAMPUS VACARIA;28/12/2008;Sul;RS;Vacaria;Nordeste Rio-grandense;Vacaria
2826;INSTITUTO FEDERAL DE SANTA CATARINA - CAMPUS FLORIANoPOLIS CONTINENTE;07/01/2009;Sul;SC;Florianopolis;Grande Florianopolis;Florianopolis
14235;INSTITUTO FEDERAL DE SANTA CATARINA - CAMPUS GAROPABA;07/01/2009;Sul;SC;Garopaba;Sul Catarinense;Tubarao
14254;INSTITUTO FEDERAL DE SANTA CATARINA - CAMPUS GASPAR;07/01/2009;Sul;SC;Gaspar;Vale do Itajai;Blumenau
2827;INSTITUTO FEDERAL DE SANTA CATARINA - CAMPUS JARAGUa DO SUL;07/01/2009;Sul;SC;Jaragua do Sul;Norte Catarinense;Joinville
14262;INSTITUTO FEDERAL DE SANTA CATARINA - CAMPUS URUPEMA;07/01/2009;Sul;SC;Urupema;Serrana;Campos de Lages
20063;INSTITUTO FEDERAL DE SERGIPE - CAMPUS ITABAIANA;30/12/2008;Nordeste;SE;Itabaiana;Agreste Sergipano;Agreste de Itabaiana
14036;INSTITUTO FEDERAL DE SaO PAULO - CAMPUS PIRACICABA;30/12/2008;Sudeste;SP;Piracicaba;Piracicaba;Piracicaba
21809;INSTITUTO FEDERAL DE SaO PAULO - CAMPUS SaO JOSe DOS CAMPOS;30/01/2012;Sudeste;SP;Sao Jose dos Campos;Vale do Paraiba Paulista;Sao Jose dos Campos
14038;INSTITUTO FEDERAL DE SaO PAULO - CAMPUS VOTUPORANGA;30/12/2008;Sudeste;SP;Votuporanga;Sao Jose do Rio Preto;Votuporanga
2972;INSTITUTO FEDERAL DO TOCANTINS - CAMPUS ARAGUATINS;07/01/2009;Norte;TO;Araguatins;Ocidental do Tocantins;Bico do Papagaio
21815;INSTITUTO FEDERAL DO TOCANTINS - CAMPUS DIANoPOLIS;30/12/2008;Norte;TO;Dianopolis;Oriental do Tocantins;Dianopolis
13825;INSTITUTO FEDERAL DO TOCANTINS - CAMPUS GURUPI;07/01/2009;Norte;TO;Gurupi;Ocidental do Tocantins;Gurupi
13824;INSTITUTO FEDERAL DO TOCANTINS - CAMPUS PORTO NACIONAL;07/01/2009;Norte;TO;Porto Nacional;Oriental do Tocantins;Porto Nacional
14553;INSTITUTO FEDERAL DE ALAGOAS - CAMPUS SaO MIGUEL DOS CAMPOS;06/07/2010;Nordeste;AL;Sao Miguel dos Campos;Leste Alagoano;Sao Miguel dos Campos
32454;INSTITUTO FEDERAL DO AMAZONAS - CAMPUS TEFe;22/01/2014;Norte;AM;Tefe;Centro Amazonense;Tefe
2945;INSTITUTO FEDERAL BAIANO - CAMPUS GUANAMBI;07/01/2009;Nordeste;BA;Guanambi;Centro Sul Baiano;Guanambi
44280;INSTITUTO FEDERAL BAIANO CAMPUS ITABERABA;10/05/2016;Nordeste;BA;Itaberaba;Centro Norte Baiano;Itaberaba
13912;INSTITUTO FEDERAL DO ACRE - CAMPUS RIO BRANCO;29/12/2008;Norte;AC;Rio Branco;Vale do Acre;Rio Branco
42624;INSTITUTO FEDERAL DO ACRE - CAMPUS TARAUACa;07/10/2013;Norte;AC;Tarauaca;Vale do Jurua;Tarauaca
2954;INSTITUTO FEDERAL GOIANO - CAMPUS RIO VERDE;07/01/2009;Centro-Oeste;GO;Rio Verde;Sul Goiano;Sudoeste de Goias
42670;INSTITUTO FEDERAL DE GOIaS - CAMPUS SENADOR CANEDO;10/06/2014;Centro-Oeste;GO;Senador Canedo;Centro Goiano;Goiania
2910;INSTITUTO FEDERAL DO MARANHaO - CAMPUS AcAILaNDIA;07/01/2009;Nordeste;MA;Acailandia;Oeste Maranhense;Imperatriz
13886;INSTITUTO FEDERAL DO MARANHaO - CAMPUS ALCaNTARA;29/12/2008;Nordeste;MA;Alcantara;Norte Maranhense;Litoral Ocidental Maranhense
20290;INSTITUTO FEDERAL DO MARANHaO - CAMPUS PINHEIRO;30/12/2008;Nordeste;MA;Pinheiro;Norte Maranhense;Baixada Maranhense
2903;INSTITUTO FEDERAL DO MARANHaO - CAMPUS SaO LUiS MARACANa;07/01/2009;Nordeste;MA;Sao Luis;Norte Maranhense;Aglomeracao Urbana de Sao Luis
2949;INSTITUTO FEDERAL BAIANO - CAMPUS SENHOR DO BONFIM;07/01/2009;Nordeste;BA;Senhor do Bonfim;Centro Norte Baiano;Senhor do Bonfim
2990;INSTITUTO FEDERAL DO CEARa - CAMPUS IGUATU;07/01/2009;Nordeste;CE;Iguatu;Centro-Sul Cearense;Iguatu
31995;INSTITUTO FEDERAL DO CEARa CAMPUS ITAPIPOCA;22/01/2014;Nordeste;CE;Itapipoca;Norte Cearense;Itapipoca
2988;INSTITUTO FEDERAL DO CEARa - CAMPUS MARACANAu;07/01/2009;Nordeste;CE;Maracanau;Metropolitana de Fortaleza;Fortaleza
31090;INSTITUTO FEDERAL DO CEARa - CAMPUS UMIRIM;24/04/2013;Nordeste;CE;Umirim;Norte Cearense;Uruburetama
13349;INSTITUTO FEDERAL DE BRASiLIA - CAMPUS BRASiLIA;07/01/2009;Centro-Oeste;DF;Brasilia;Distrito Federal;Brasilia
2894;INSTITUTO FEDERAL DO ESPiRITO SANTO - CAMPUS CACHOEIRO DE ITAPEMIRIM;07/01/2009;Sudeste;ES;Cachoeiro de Itapemirim;Sul Espirito-santense;Cachoeiro de Itapemirim
2892;INSTITUTO FEDERAL DO ESPiRITO SANTO - CAMPUS CARIACICA;07/01/2009;Sudeste;ES;Cariacica;Central Espirito-santense;Vitoria
3520;INSTITUTO FEDERAL DO ESPiRITO SANTO - CAMPUS NOVA VENeCIA;10/06/2008;Sudeste;ES;Nova Venecia;Noroeste Espirito-santense;Nova Venecia
2898;INSTITUTO FEDERAL DO ESPiRITO SANTO - CAMPUS SANTA TERESA;07/01/2009;Sudeste;ES;Santa Teresa;Central Espirito-santense;Santa Teresa
2900;INSTITUTO FEDERAL DO ESPiRITO SANTO - CAMPUS SERRA;07/01/2009;Sudeste;ES;Serra;Central Espirito-santense;Vitoria
20113;INSTITUTO FEDERAL DO ESPiRITO SANTO - CAMPUS VILA VELHA;07/01/2009;Sudeste;ES;Vila Velha;Central Espirito-santense;Vitoria
3001;INSTITUTO FEDERAL DE GOIaS - CAMPUS GOIaNIA;07/01/2009;Centro-Oeste;GO;Goiania;Centro Goiano;Goiania
42148;INSTITUTO FEDERAL DO NORTE DE MINAS GERAIS CAMPUS AVANcADO JANAuBA;30/12/2013;Sudeste;MG;Janauba;Norte de Minas;Janauba
2998;INSTITUTO FEDERAL DO SUL DE MINAS GERAIS - CAMPUS MACHADO;07/01/2009;Sudeste;MG;Machado;Sul/Sudoeste de Minas;Alfenas
14171;INSTITUTO FEDERAL DO NORTE DE MINAS GERAIS - CAMPUS MONTES CLAROS;07/01/2009;Sudeste;MG;Montes Claros;Norte de Minas;Montes Claros
30702;INSTITUTO FEDERAL DO TRIaNGULO MINEIRO - CAMPUS PATOS DE MINAS;23/04/2013;Sudeste;MG;Patos de Minas;Triangulo Mineiro/Alto Paranaiba;Patos de Minas
32022;INSTITUTO FEDERAL DO SUL DE MINAS GERAIS - CAMPUS AVANcADO CARMO DE MINAS;22/01/2014;Sudeste;MG;Carmo de Minas;Sul/Sudoeste de Minas;Sao Lourenco
13561;CENTRO FEDERAL DE EDUCAcaO TECNOLoGICA DE MINAS GERAIS - UNED CURVELO;11/02/2010;Sudeste;MG;Curvelo;Central Mineira;Curvelo
42124;INSTITUTO FEDERAL DO NORTE DE MINAS GERAIS CAMPUS DIAMANTINA;30/12/2013;Sudeste;MG;Diamantina;Jequitinhonha;Diamantina
12566;UNIVERSIDADE FEDERAL DE VIcOSA - CENTRO DE ENSINO E DESENVOLVIMENTO AGRaRIO DA UFV;26/05/1948;Sudeste;MG;Florestal;Metropolitana de Belo Horizonte;Para de Minas
32027;INSTITUTO FEDERAL DA PARAiBA CAMPUS CATOLe DO ROCHA;20/01/2014;Nordeste;PB;Catole do Rocha;Sertao Paraibano;Catole do Rocha
32029;INSTITUTO FEDERAL DA PARAiBA CAMPUS ESPERANcA;20/01/2014;Nordeste;PB;Esperanca;Agreste Paraibano;Esperanca
20808;INSTITUTO FEDERAL DA PARAiBA - CAMPUS GUARABIRA;19/07/2011;Nordeste;PB;Guarabira;Agreste Paraibano;Guarabira
3567;INSTITUTO FEDERAL DA PARAiBA - CAMPUS PICUi;07/01/2009;Nordeste;PB;Picui;Borborema;Serido Oriental Paraibano
3566;INSTITUTO FEDERAL DA PARAiBA - CAMPUS PRINCESA ISABEL;07/01/2009;Nordeste;PB;Princesa Isabel;Sertao Paraibano;Serra do Teixeira
42347;INSTITUTO FEDERAL DA PARAiBA CAMPUS SANTA RITA;20/01/2014;Nordeste;PB;Santa Rita;Mata Paraibana;Joao Pessoa
32118;INSTITUTO FEDERAL DE PERNAMBUCO - CAMPUS CABO DE SANTO AGOSTINHO;07/10/2013;Nordeste;PE;Cabo de Santo Agostinho;Metropolitana de Recife;Suape
14103;INSTITUTO FEDERAL DE PERNAMBUCO - CAMPUS CARUARU;07/01/2009;Nordeste;PE;Caruaru;Agreste Pernambucano;Vale do Ipojuca
20415;INSTITUTO FEDERAL DO SUDESTE DE MINAS GERAIS - CAMPUS SANTOS DUMONT;29/12/2008;Sudeste;MG;Santos Dumont;Zona da Mata;Juiz de Fora
2995;INSTITUTO FEDERAL DE MINAS GERAIS - CAMPUS SaO JOaO EVANGELISTA;07/01/2009;Sudeste;MG;Sao Joao Evangelista;Vale do Rio Doce;Guanhaes
12877;UNIVERSIDADE FEDERAL DO TRIaNGULO MINEIRO - CENTRO DE FORMAcaO ESPECIAL EM SAuDE DA UFTM;29/06/1990;Sudeste;MG;Uberaba;Triangulo Mineiro/Alto Paranaiba;Uberaba
42736;INSTITUTO FEDERAL DO TRIaNGULO MINEIRO - CAMPUS AVANcADO UBERABA PARQUE TECNOLoGICO;22/01/2014;Sudeste;MG;Uberaba;Triangulo Mineiro/Alto Paranaiba;Uberaba
31981;INSTITUTO FEDERAL DE MATO GROSSO - CAMPUS AVANcADO DIAMANTINO;22/01/2014;Centro-Oeste;MT;Diamantino;Norte Mato-grossense;Parecis
31284;INSTITUTO FEDERAL DE MATO GROSSO - CAMPUS PRIMAVERA DO LESTE;08/10/2013;Centro-Oeste;MT;Primavera do Leste;Sudeste Mato-grossense;Primavera do Leste
2914;INSTITUTO FEDERAL DO PARa - CAMPUS BELeM;30/12/2008;Norte;PA;Belem;Metropolitana de Belem;Belem
2919;INSTITUTO FEDERAL DO PARa - CAMPUS MARABa INDUSTRIAL;07/01/2009;Norte;PA;Maraba;Sudeste Paraense;Maraba
3093;UNIVERSIDADE TECNOLoGICA FEDERAL DO PARANa - CAMPUS CURITIBA U;04/07/1978;Sul;PR;Curitiba;Metropolitana de Curitiba;Curitiba
3182;UNIVERSIDADE TECNOLoGICA FEDERAL DO PARANa - CAMPUS DOIS VIZINHOS;04/09/2003;Sul;PR;Dois Vizinhos;Sudoeste Paranaense;Francisco Beltrao
43385;INSTITUTO FEDERAL DO PARANa CAMPUS AVANcADO GOIOERe;18/06/2012;Sul;PR;Goioere;Centro Ocidental Paranaense;Goioere
13775;INSTITUTO FEDERAL DO PARANa - CAMPUS IVAIPORa;28/12/2008;Sul;PR;Ivaipora;Norte Central Paranaense;Ivaipora
3383;UNIVERSIDADE TECNOLoGICA FEDERAL DO PARANa - CAMPUS PATO BRANCO;07/10/2005;Sul;PR;Pato Branco;Sudoeste Paranaense;Pato Branco
32132;INSTITUTO FEDERAL DE PERNAMBUCO - CAMPUS JABOATaO DOS GUARARAPES;29/12/2008;Nordeste;PE;Jaboatao dos Guararapes;Metropolitana de Recife;Recife
32042;INSTITUTO FEDERAL DO SERTaO PERNAMBUCANO - CAMPUS SERRA TALHADA;06/01/2009;Nordeste;PE;Serra Talhada;Sertao Pernambucano;Pajeu
2860;INSTITUTO FEDERAL DE PERNAMBUCO - CAMPUS VIToRIA DE SANTO ANTaO;07/01/2009;Nordeste;PE;Vitoria de Santo Antao;Mata Pernambucana;Vitoria de Santo Antao
13291;INSTITUTO FEDERAL DO PIAUi - CAMPUS ANGICAL DO PIAUi;07/01/2009;Nordeste;PI;Angical do Piaui;Centro-Norte Piauiense;Medio Parnaiba Piauiense
20429;INSTITUTO FEDERAL DO PIAUi - CAMPUS PEDRO II;29/12/2008;Nordeste;PI;Pedro II;Centro-Norte Piauiense;Campo Maior
2920;INSTITUTO FEDERAL DO PIAUi - CAMPUS TERESINA CENTRAL;07/01/2009;Nordeste;PI;Teresina;Centro-Norte Piauiense;Teresina
4243;INSTITUTO FEDERAL DO PIAUi - CAMPUS TERESINA ZONA SUL;07/01/2009;Nordeste;PI;Teresina;Centro-Norte Piauiense;Teresina
31963;INSTITUTO FEDERAL DO PARANa CAMPUS AVANcADO BARRACaO;18/06/2012;Sul;PR;Barracao;Sudoeste Paranaense;Francisco Beltrao
13802;INSTITUTO FEDERAL DO RIO GRANDE DO SUL - CAMPUS PORTO ALEGRE RESTINGA;29/12/2008;Sul;RS;Porto Alegre;Metropolitana de Porto Alegre;Porto Alegre
12739;UNIVERSIDADE FEDERAL DE SANTA MARIA - COLeGIO TeCNICO INDUSTRIAL DA UNIVERSIDADE FEDERAL DE SANTA MARIA;11/10/1967;Sul;RS;Santa Maria;Centro Ocidental Rio-grandense;Santa Maria
13478;INSTITUTO FEDERAL FARROUPILHA - CAMPUS SANTA ROSA;07/01/2009;Sul;RS;Santa Rosa;Noroeste Rio-grandense;Santa Rosa
42149;INSTITUTO FEDERAL DO RIO DE JANEIRO CAMPUS BELFORD ROXO;30/12/2013;Sudeste;RJ;Belford Roxo;Metropolitana do Rio de Janeiro;Rio de Janeiro
3232;INSTITUTO FEDERAL FLUMINENSE - CAMPUS CABO FRIO;07/01/2009;Sudeste;RJ;Cabo Frio;Baixadas;Lagos
3010;INSTITUTO FEDERAL FLUMINENSE - CAMPUS CAMPOS GUARUS;07/01/2009;Sudeste;RJ;Campos dos Goytacazes;Norte Fluminense;Campos dos Goytacazes
3231;INSTITUTO FEDERAL FLUMINENSE - CAMPUS ITAPERUNA;06/01/2009;Sudeste;RJ;Itaperuna;Noroeste Fluminense;Itaperuna
2943;INSTITUTO FEDERAL DO RIO DE JANEIRO - CAMPUS PARACAMBI;07/01/2009;Sudeste;RJ;Paracambi;Metropolitana do Rio de Janeiro;Vassouras
31977;INSTITUTO FEDERAL DO RIO DE JANEIRO CAMPUS AVANcADO RESENDE;29/12/2008;Sudeste;RJ;Resende;Sul Fluminense;Vale do Paraiba Fluminense
1699;COLeGIO PEDRO II - CAMPUS CENTRO;17/11/2008;Sudeste;RJ;Rio de Janeiro;Metropolitana do Rio de Janeiro;Rio de Janeiro
2964;INSTITUTO FEDERAL DO RIO GRANDE DO NORTE - CAMPUS IPANGUAcU;29/06/2006;Nordeste;RN;Ipanguacu;Oeste Potiguar;Vale do Acu
2959;INSTITUTO FEDERAL DO RIO GRANDE DO NORTE - CAMPUS NATAL CENTRAL;07/01/2009;Nordeste;RN;Natal;Leste Potiguar;Natal
2926;INSTITUTO FEDERAL DE RONDoNIA - CAMPUS COLORADO DO OESTE;07/01/2009;Norte;RO;Colorado do Oeste;Leste Rondoniense;Colorado do Oeste
13776;INSTITUTO FEDERAL DE RONDoNIA - CAMPUS VILHENA;29/12/2008;Norte;RO;Vilhena;Leste Rondoniense;Vilhena
2932;INSTITUTO FEDERAL FARROUPILHA - CAMPUS ALEGRETE;07/01/2009;Sul;RS;Alegrete;Sudoeste Rio-grandense;Campanha Ocidental
13827;INSTITUTO FEDERAL SUL-RIO-GRANDENSE - CAMPUS BAGe;07/01/2009;Sul;RS;Bage;Sudoeste Rio-grandense;Campanha Meridional
2938;INSTITUTO FEDERAL DO RIO GRANDE DO SUL - CAMPUS CANOAS;07/01/2009;Sul;RS;Canoas;Metropolitana de Porto Alegre;Porto Alegre
32015;INSTITUTO FEDERAL DE SERGIPE CAMPUS TOBIAS BARRETO;22/01/2014;Nordeste;SE;Tobias Barreto;Agreste Sergipano;Tobias Barreto
20388;INSTITUTO FEDERAL DE SaO PAULO - CAMPUS AVARe;02/02/2011;Sudeste;SP;Avare;Bauru;Avare
14034;INSTITUTO FEDERAL DE SaO PAULO - CAMPUS BARRETOS;30/12/2008;Sudeste;SP;Barretos;Ribeirao Preto;Barretos
14033;INSTITUTO FEDERAL DE SaO PAULO - CAMPUS BIRIGUI;30/12/2008;Sudeste;SP;Birigui;Aracatuba;Birigui
14311;INSTITUTO FEDERAL DE SaO PAULO - CAMPUS CAPIVARI;02/02/2010;Sudeste;SP;Capivari;Piracicaba;Piracicaba
42488;INSTITUTO FEDERAL DO RIO GRANDE DO SUL CAMPUS AVANcADO VERANoPOLIS;30/12/2013;Sul;RS;Veranopolis;Nordeste Rio-grandense;Caxias do Sul
3028;INSTITUTO FEDERAL DE SANTA CATARINA - CAMPUS ARARANGUa;07/01/2009;Sul;SC;Ararangua;Sul Catarinense;Ararangua
20426;INSTITUTO FEDERAL CATARINENSE - CAMPUS BLUMENAU;29/12/2008;Sul;SC;Blumenau;Vale do Itajai;Blumenau
31328;INSTITUTO FEDERAL CATARINENSE CAMPUS BRUSQUE;07/10/2013;Sul;SC;Brusque;Vale do Itajai;Blumenau
14261;INSTITUTO FEDERAL DE SANTA CATARINA - CAMPUS JARAGUa DO SUL RAU;07/01/2009;Sul;SC;Jaragua do Sul;Norte Catarinense;Joinville
14258;INSTITUTO FEDERAL DE SANTA CATARINA - CAMPUS PALHOcA;07/01/2009;Sul;SC;Palhoca;Grande Florianopolis;Florianopolis
31324;INSTITUTO FEDERAL DE SANTA CATARINA CAMPUS SaO CARLOS;07/01/2009;Sul;SC;Sao Carlos;Oeste Catarinense;Chapeco
20570;INSTITUTO FEDERAL CATARINENSE - CAMPUS SaO FRANCISCO DO SUL;28/02/2011;Sul;SC;Sao Francisco do Sul;Norte Catarinense;Joinville
2981;INSTITUTO FEDERAL DE SERGIPE - CAMPUS ARACAJU;07/01/2009;Nordeste;SE;Aracaju;Leste Sergipano;Aracaju
14552;INSTITUTO FEDERAL DE ALAGOAS - CAMPUS SANTANA DO IPANEMA;06/07/2010;Nordeste;AL;Santana do Ipanema;Sertao Alagoano;Santana do Ipanema
2897;INSTITUTO FEDERAL DO AMAZONAS - CAMPUS COARI;07/01/2009;Norte;AM;Coari;Centro Amazonense;Coari
2893;INSTITUTO FEDERAL DO AMAZONAS - CAMPUS MANAUS DISTRITO INDUSTRIAL;07/01/2009;Norte;AM;Manaus;Centro Amazonense;Manaus
13783;INSTITUTO FEDERAL DO AMAZONAS - CAMPUS MAUeS;29/12/2008;Norte;AM;Maues;Centro Amazonense;Parintins
31999;INSTITUTO FEDERAL BAIANO CAMPUS ALAGOINHAS;22/01/2014;Nordeste;BA;Alagoinhas;Nordeste Baiano;Alagoinhas
2946;INSTITUTO FEDERAL BAIANO - CAMPUS CATU;07/01/2009;Nordeste;BA;Catu;Metropolitana de Salvador;Catu
20101;INSTITUTO FEDERAL DA BAHIA - CAMPUS JACOBINA;29/12/2009;Nordeste;BA;Jacobina;Centro Norte Baiano;Jacobina
2880;INSTITUTO FEDERAL DA BAHIA - CAMPUS PORTO SEGURO;07/01/2009;Nordeste;BA;Porto Seguro;Sul Baiano;Porto Seguro
14548;INSTITUTO FEDERAL DE ALAGOAS - CAMPUS PENEDO;06/07/2010;Nordeste;AL;Penedo;Leste Alagoano;Penedo
32230;INSTITUTO FEDERAL GOIANO CAMPUS POSSE;29/12/2008;Centro-Oeste;GO;Posse;Leste Goiano;Vao do Parana
3509;INSTITUTO FEDERAL DE GOIaS - CAMPUS URUAcU;28/12/2008;Centro-Oeste;GO;Uruacu;Norte Goiano;Porangatu
2907;INSTITUTO FEDERAL DO MARANHaO - CAMPUS SaO RAIMUNDO DAS MANGABEIRAS;07/01/2009;Nordeste;MA;Sao Raimundo das Mangabeiras;Sul Maranhense;Chapadas das Mangabeiras
2863;INSTITUTO FEDERAL DA BAHIA - CAMPUS SIMoES FILHO;07/01/2009;Nordeste;BA;Simoes Filho;Metropolitana de Salvador;Salvador
2951;INSTITUTO FEDERAL BAIANO - CAMPUS URUcUCA;07/01/2009;Nordeste;BA;Urucuca;Sul Baiano;Ilheus-Itabuna
20435;INSTITUTO FEDERAL DO CEARa - CAMPUS CAUCAIA;29/12/2008;Nordeste;CE;Caucaia;Metropolitana de Fortaleza;Fortaleza
42049;INSTITUTO FEDERAL DO CEARa CAMPUS AVANcADO GUARAMIRANGA;31/12/2013;Nordeste;CE;Guaramiranga;Norte Cearense;Baturite
20568;INSTITUTO FEDERAL DE BRASiLIA - CAMPUS RIACHO FUNDO;15/07/2011;Centro-Oeste;DF;Brasilia;Distrito Federal;Brasilia
3519;INSTITUTO FEDERAL DO ESPiRITO SANTO - CAMPUS ARACRUZ;10/06/2008;Sudeste;ES;Aracruz;Litoral Norte Espirito-santense;Linhares
3521;INSTITUTO FEDERAL DO ESPiRITO SANTO - CAMPUS LINHARES;10/06/2008;Sudeste;ES;Linhares;Litoral Norte Espirito-santense;Linhares
22587;INSTITUTO FEDERAL DO ESPiRITO SANTO - CAMPUS MONTANHA;30/12/2008;Sudeste;ES;Montanha;Litoral Norte Espirito-santense;Montanha
13839;INSTITUTO FEDERAL DO ESPiRITO SANTO - CAMPUS PIuMA;07/01/2009;Sudeste;ES;Piuma;Central Espirito-santense;Guarapari
13791;INSTITUTO FEDERAL DE GOIaS - CAMPUS ANaPOLIS;28/02/2012;Centro-Oeste;GO;Anapolis;Centro Goiano;Anapolis
13793;INSTITUTO FEDERAL DE GOIaS - CAMPUS FORMOSA;28/10/2008;Centro-Oeste;GO;Formosa;Leste Goiano;Entorno de Brasilia
32228;INSTITUTO FEDERAL GOIANO CAMPUS AVANcADO HIDROLaNDIA;30/12/2013;Centro-Oeste;GO;Hidrolandia;Centro Goiano;Goiania
3000;INSTITUTO FEDERAL DO SUL DE MINAS GERAIS - CAMPUS MUZAMBINHO;07/01/2009;Sudeste;MG;Muzambinho;Sul/Sudoeste de Minas;Sao Sebastiao do Paraiso
3046;CENTRO FEDERAL DE EDUCAcaO TECNOLoGICA DE MINAS GERAIS - UNED NEPOMUCENO;07/01/2009;Sudeste;MG;Nepomuceno;Campo das Vertentes;Lavras
14172;INSTITUTO FEDERAL DO NORTE DE MINAS GERAIS - CAMPUS PIRAPORA;07/01/2009;Sudeste;MG;Pirapora;Norte de Minas;Pirapora
2957;INSTITUTO FEDERAL DO SUDESTE DE MINAS GERAIS - CAMPUS BARBACENA;07/01/2009;Sudeste;MG;Barbacena;Campo das Vertentes;Barbacena
2994;INSTITUTO FEDERAL DE MINAS GERAIS - CAMPUS CONGONHAS;07/01/2009;Sudeste;MG;Congonhas;Metropolitana de Belo Horizonte;Conselheiro Lafaiete
42109;INSTITUTO FEDERAL DE MINAS GERAIS CAMPUS AVANcADO IPATINGA;30/12/2013;Sudeste;MG;Ipatinga;Vale do Rio Doce;Ipatinga
534;UNIVERSIDADE FEDERAL DE CAMPINA GRANDE - ESCOLA TeCNICA DE SAuDE DE CAJAZEIRAS DA UFCG;15/12/1996;Nordeste;PB;Cajazeiras;Sertao Paraibano;Cajazeiras
2813;INSTITUTO FEDERAL DA PARAiBA - CAMPUS CAMPINA GRANDE;07/01/2009;Nordeste;PB;Campina Grande;Agreste Paraibano;Campina Grande
14106;INSTITUTO FEDERAL DE PERNAMBUCO - CAMPUS AFOGADOS DA INGAZEIRA;07/01/2009;Nordeste;PE;Afogados da Ingazeira;Sertao Pernambucano;Pajeu
2857;INSTITUTO FEDERAL DE PERNAMBUCO - CAMPUS BARREIROS;07/01/2009;Nordeste;PE;Barreiros;Mata Pernambucana;Mata Meridional Pernambucana
3045;CENTRO FEDERAL DE EDUCAcaO TECNOLoGICA DE MINAS GERAIS - UNED TIMoTEO;07/01/2009;Sudeste;MG;Timoteo;Vale do Rio Doce;Ipatinga
3044;CENTRO FEDERAL DE EDUCAcaO TECNOLoGICA DE MINAS GERAIS - UNED VARGINHA;07/01/2009;Sudeste;MG;Varginha;Sul/Sudoeste de Minas;Varginha
21449;UNIVERSIDADE FEDERAL DO MATO GROSSO DO SUL CENTRO DE CAPACITAcaO EM SAuDE E AMBIENTE ;19/09/2003;Centro-Oeste;MS;Campo Grande;Centro Norte de Mato Grosso do Sul;Campo Grande
13891;INSTITUTO FEDERAL DO MATO GROSSO DO SUL - CAMPUS TReS LAGOAS;08/07/2010;Centro-Oeste;MS;Tres Lagoas;Leste de Mato Grosso do Sul;Tres Lagoas
3483;INSTITUTO FEDERAL DE MATO GROSSO - CAMPUS CAMPO NOVO DO PARECIS;07/01/2009;Centro-Oeste;MT;Campo Novo do Parecis;Norte Mato-grossense;Parecis
13780;INSTITUTO FEDERAL DO PARANa - CAMPUS IRATI;28/12/2008;Sul;PR;Irati;Sudeste Paranaense;Irati
13772;INSTITUTO FEDERAL DO PARANa - CAMPUS JACAREZINHO;28/12/2008;Sul;PR;Jacarezinho;Norte Pioneiro Paranaense;Jacarezinho
23464;INSTITUTO FEDERAL DO PARANa CAMPUS PITANGA;18/06/2012;Sul;PR;Pitanga;Centro-Sul Paranaense;Pitanga
32364;INSTITUTO FEDERAL DE PERNAMBUCO - CAMPUS IGARASSU;22/01/2014;Nordeste;PE;Igarassu;Metropolitana de Recife;Itamaraca
2873;INSTITUTO FEDERAL DO SERTaO PERNAMBUCANO - CAMPUS PETROLINA;07/01/2009;Nordeste;PE;Petrolina;Sao Francisco Pernambucano;Petrolina
31992;INSTITUTO FEDERAL DO PIAUi - CAMPUS COCAL;22/01/2014;Nordeste;PI;Cocal;Norte Piauiense;Litoral Piauiense
13293;INSTITUTO FEDERAL DO PIAUi - CAMPUS CORRENTE;07/01/2009;Nordeste;PI;Corrente;Sudoeste Piauiense;Chapadas do Extremo Sul Piauiense
2922;INSTITUTO FEDERAL DO PIAUi - CAMPUS PICOS;07/01/2009;Nordeste;PI;Picos;Sudeste Piauiense;Picos
31994;INSTITUTO FEDERAL DO PIAUi CAMPUS AVANcADO PIO IX;22/01/2014;Nordeste;PI;Pio IX;Sudeste Piauiense;Pio IX
31991;INSTITUTO FEDERAL DO PIAUi CAMPUS AVANcADO DIRCEU ARCOVERDE;22/01/2014;Nordeste;PI;Teresina;Centro-Norte Piauiense;Teresina
13800;INSTITUTO FEDERAL DO RIO GRANDE DO SUL - CAMPUS FARROUPILHA;29/12/2008;Sul;RS;Farroupilha;Nordeste Rio-grandense;Caxias do Sul
13799;INSTITUTO FEDERAL DO RIO GRANDE DO SUL - CAMPUS FELIZ;29/12/2008;Sul;RS;Feliz;Metropolitana de Porto Alegre;Montenegro
12748;INSTITUTO FEDERAL FARROUPILHA - CAMPUS FREDERICO WESTPHALEN;23/07/1957;Sul;RS;Frederico Westphalen;Noroeste Rio-grandense;Frederico Westphalen
13798;INSTITUTO FEDERAL DO RIO GRANDE DO SUL - CAMPUS IBIRUBa;29/12/2008;Sul;RS;Ibiruba;Noroeste Rio-grandense;Cruz Alta
42048;INSTITUTO FEDERAL SUL-RIO-GRANDENSE - CAMPUS LAJEADO;31/12/2013;Sul;RS;Lajeado;Centro Oriental Rio-grandense;Lajeado-Estrela
20455;INSTITUTO FEDERAL DO RIO GRANDE DO SUL CAMPUS ROLANTE;29/12/2008;Sul;RS;Rolante;Metropolitana de Porto Alegre;Gramado-Canela
23466;INSTITUTO FEDERAL DO PARANa CAMPUS UNIaO DA VIToRIA;18/06/2012;Sul;PR;Uniao da Vitoria;Sudeste Paranaense;Uniao da Vitoria
3011;INSTITUTO FEDERAL FLUMINENSE - CAMPUS MACAe;07/01/2009;Sudeste;RJ;Macae;Norte Fluminense;Macae
3583;CENTRO FEDERAL DE EDUCAcaO TECNOLoGICA CELSO SUCKOW DA FONSECA - UNED NOVA FRIBURGO;09/06/2008;Sudeste;RJ;Nova Friburgo;Centro Fluminense;Nova Friburgo
3006;INSTITUTO FEDERAL DO RIO DE JANEIRO - CAMPUS PINHEIRAL;07/01/2009;Sudeste;RJ;Pinheiral;Sul Fluminense;Vale do Paraiba Fluminense
3064;CENTRO FEDERAL DE EDUCAcaO TECNOLoGICA CELSO SUCKOW DA FONSECA - UNED MARIA DA GRAcA;07/01/2009;Sudeste;RJ;Rio de Janeiro;Metropolitana do Rio de Janeiro;Rio de Janeiro
20450;CENTRO FEDERAL DE EDUCAcaO TECNOLoGICA CELSO SUCKOW DA FONSECA - UNED VALENcA;29/12/2008;Sudeste;RJ;Valenca;Sul Fluminense;Barra do Pirai
42053;INSTITUTO FEDERAL DO RIO GRANDE DO NORTE CAMPUS AVANcADO LAJES;31/12/2013;Nordeste;RN;Lajes;Central Potiguar;Angicos
13016;INSTITUTO FEDERAL DO RIO GRANDE DO NORTE - CAMPUS MACAU;28/07/2009;Nordeste;RN;Macau;Central Potiguar;Macau
3633;UNIVERSIDADE FEDERAL DO RIO GRANDE DO NORTE - ESCOLA DE ENFERMAGEM DA UFRN;09/01/1964;Nordeste;RN;Natal;Leste Potiguar;Natal
20414;INSTITUTO FEDERAL DO RIO GRANDE DO NORTE - CAMPUS NOVA CRUZ;29/12/2008;Nordeste;RN;Nova Cruz;Agreste Potiguar;Agreste Potiguar
13768;INSTITUTO FEDERAL DE RONDoNIA - CAMPUS CACOAL;29/12/2008;Norte;RO;Cacoal;Leste Rondoniense;Cacoal
32051;INSTITUTO FEDERAL DE RONDoNIA CAMPUS GUAJARaMIRIM;28/12/2008;Norte;RO;Guajara-Mirim;Madeira-Guapore;Guajara-Mirim
2812;INSTITUTO FEDERAL DE RORAIMA - CAMPUS NOVO PARAiSO;18/12/2006;Norte;RR;Caracarai;Sul de Roraima;Caracarai
30857;INSTITUTO FEDERAL DE SaO PAULO CAMPUS CAMPINAS;02/07/2012;Sudeste;SP;Campinas;Campinas;Campinas
2830;INSTITUTO FEDERAL CATARINENSE - CAMPUS CONCoRDIA;07/01/2009;Sul;SC;Concordia;Oeste Catarinense;Concordia
14256;INSTITUTO FEDERAL DE SANTA CATARINA - CAMPUS CRICIuMA;07/01/2009;Sul;SC;Criciuma;Sul Catarinense;Criciuma
32008;INSTITUTO FEDERAL CATARINENSE CAMPUS AVANcADO SOMBRIO;22/01/2014;Sul;SC;Sombrio;Sul Catarinense;Ararangua
13699;INSTITUTO FEDERAL CATARINENSE - CAMPUS VIDEIRA;06/01/2010;Sul;SC;Videira;Oeste Catarinense;Joacaba
14357;INSTITUTO FEDERAL DE SaO PAULO - CAMPUS PRESIDENTE EPITaCIO;03/12/2010;Sudeste;SP;Presidente Epitacio;Presidente Prudente;Presidente Prudente
14037;INSTITUTO FEDERAL DE SaO PAULO - CAMPUS SUZANO;30/12/2008;Sudeste;SP;Suzano;Metropolitana de Sao Paulo;Mogi das Cruzes
2970;INSTITUTO FEDERAL DO TOCANTINS - CAMPUS PALMAS;06/01/2009;Norte;TO;Palmas;Oriental do Tocantins;Porto Nacional
